scenario,category,policy,product_id,legacy_rank,candidate_rank,rank_delta,legacy_score,candidate_score,score_delta,eligibility_changed,penalty_changed,top_pick_changed,top3_changed,metadata_unknown,metadata_invalid
U1,cleanser,cleanser_structured_authority,0def9373-087e-4998-8ef1-7f4cbdac40e4,1,1,0,71.2,71.2,0,false,false,false,false,false,false
U1,cleanser,cleanser_structured_authority,cd3b66be-cddc-47e1-906f-a871dea84412,2,2,0,66.8,66.8,0,false,false,false,false,false,false
U1,cleanser,cleanser_structured_authority,9d47de96-3227-494b-a8aa-2a4a3b7959d8,3,3,0,64.9,64.9,0,false,false,false,false,false,false
U1,cleanser,cleanser_structured_authority,cb04b777-9a57-4246-9431-3018638354db,4,4,0,62.6,62.6,0,false,false,false,false,false,false
U1,cleanser,cleanser_structured_authority,5448b8c3-cf87-4561-a699-3baf3dcb3dab,5,5,0,55,55,0,false,false,false,false,false,false
U1,cleanser,cleanser_structured_authority,8889342d-d9a2-454b-aa27-60d4934b9978,6,6,0,54.9,54.9,0,false,false,false,false,false,false
U1,cleanser,cleanser_structured_authority,3f83bb85-cc53-4aa0-a0f0-e08535288749,7,7,0,52.2,52.2,0,false,false,false,false,false,false
U1,cleanser,cleanser_structured_authority,fbe265d2-8457-4c4f-96e2-7a08be0e5073,8,8,0,52.2,52.2,0,false,false,false,false,false,false
U1,cleanser,cleanser_structured_authority,b46ca581-7a4e-4cf1-b599-b9fdc026885d,9,9,0,51.5,51.5,0,false,false,false,false,false,false
U1,cleanser,cleanser_structured_authority,2fddc273-d7ee-4034-a399-3bfd2cfcafd4,10,10,0,51.2,51.2,0,false,false,false,false,false,false
U1,cleanser,cleanser_structured_authority,f2a697ce-43d9-4a9a-b110-1f332bc29b50,11,11,0,51.2,51.2,0,false,false,false,false,false,false
U1,cleanser,cleanser_structured_authority,63300ce0-9bb7-4ce5-98d5-5c59ae283cda,12,12,0,50.9,50.9,0,false,false,false,false,false,false
U1,cleanser,cleanser_structured_authority,0bced9fe-aa08-4982-bb4a-03fb9ed509c1,13,13,0,50.7,50.7,0,false,false,false,false,false,false
U1,cleanser,cleanser_structured_authority,009e0339-fa00-429e-a1c2-2a23eb4707f8,14,14,0,49.1,49.1,0,false,false,false,false,false,false
U1,cleanser,cleanser_structured_authority,e6c3f88c-6908-401f-83d1-a5164f1dd60a,15,15,0,48,48,0,false,false,false,false,false,false
U1,cleanser,cleanser_structured_authority,6d560546-80f1-4ccf-9d2c-34023722d2a7,16,16,0,42.2,42.2,0,false,false,false,false,false,false
U1,cleanser,cleanser_structured_authority,50d8285d-9f90-4437-9427-ecc93e9fa055,17,17,0,39.4,39.4,0,false,false,false,false,false,false
U1,cleanser,cleanser_structured_authority,d0b4789c-bc0a-46e1-8317-ce498377333e,18,18,0,38.9,38.9,0,false,false,false,false,false,false
U1,cleanser,cleanser_structured_authority,d7bb44e4-d585-41ca-8a74-04781470d1de,19,19,0,38.9,38.9,0,false,false,false,false,false,false
U1,cleanser,cleanser_structured_authority,c8f78d00-85b9-4850-b464-e8a0d815b2d8,20,20,0,38,38,0,false,false,false,false,false,false
U1,cleanser,cleanser_structured_authority,635aa0fd-aabb-495e-b68f-42b1135df544,21,21,0,37.9,37.9,0,false,false,false,false,false,false
U1,cleanser,cleanser_structured_authority,51d526de-b127-47c4-83f1-64fc1ec4aa10,22,22,0,37.5,37.5,0,false,false,false,false,false,false
U1,cleanser,cleanser_structured_authority,65a4be83-a9b7-4b1d-bd58-1b6e99cf66fc,23,23,0,21.5,21.5,0,false,false,false,false,false,false
U1,cleanser,cleanser_structured_authority,0b59cb66-ab03-4a0d-815e-7a94a5c7ae65,24,24,0,21.5,21.5,0,false,false,false,false,false,false
U1,cleanser,cleanser_structured_authority,d4f64d02-6d35-435b-8269-b6ed7cd34bad,25,25,0,21.5,21.5,0,false,false,false,false,false,false
U1,cleanser,cleanser_structured_authority,15420430-2a68-49e2-ab53-716d9c4ff45e,26,26,0,21,21,0,false,false,false,false,false,false
U1,moisturizer,balm_candidate_a,173c63a8-a40d-4d1e-acb6-a7944d66ec43,1,1,0,44.6,44.6,0,false,false,false,false,false,false
U1,moisturizer,balm_candidate_a,af70acaa-24b0-45eb-b82b-3c3b9f6d589f,2,2,0,43.4,43.4,0,false,false,false,false,false,false
U1,moisturizer,balm_candidate_a,deaacf29-585c-4e1b-a7c3-73a243e69c2e,3,3,0,42.8,42.8,0,false,false,false,false,false,false
U1,moisturizer,balm_candidate_a,9e727419-40e6-4c61-b44c-609507b7b822,4,4,0,35.4,35.4,0,false,false,false,false,false,false
U1,moisturizer,balm_candidate_a,5116d78d-0118-42b1-acc8-1ee384624725,5,5,0,34,34,0,false,false,false,false,false,false
U1,moisturizer,balm_candidate_a,b639c8b4-6a61-440e-b4db-fac7381593ff,6,6,0,33.3,33.3,0,false,false,false,false,false,false
U1,moisturizer,balm_candidate_a,47a8a197-40d4-41df-b1ed-7f85eb458a3d,7,7,0,31,31,0,false,false,false,false,false,false
U1,moisturizer,balm_candidate_a,ae72c231-3629-4272-8c16-9ca4372e3985,8,8,0,29.1,29.1,0,false,false,false,false,false,false
U1,moisturizer,balm_candidate_a,a59880f2-be88-4938-9958-254b87fd37ea,9,9,0,27.9,27.9,0,false,false,false,false,false,false
U1,moisturizer,balm_candidate_a,c7839904-2245-4a86-922c-4d59cf8df0b3,10,10,0,24.9,24.9,0,false,false,false,false,false,false
U1,moisturizer,balm_candidate_a,1eb7b437-b527-44e4-b4c2-5d56dc26d2d3,11,11,0,23.1,23.1,0,false,false,false,false,false,false
U1,moisturizer,balm_candidate_a,4cbd41f3-1357-42c6-a6c7-6df0e90d54a7,12,12,0,22.7,22.7,0,false,false,false,false,false,false
U1,moisturizer,balm_candidate_a,df3ab2f1-a4bf-46f9-aaff-df3665156b37,13,13,0,22.4,22.4,0,false,false,false,false,false,false
U1,moisturizer,balm_candidate_a,d2141a9d-3975-4d93-83f7-a4814c9c6a57,14,14,0,21.3,21.3,0,false,false,false,false,false,false
U1,moisturizer,balm_candidate_a,15b45c92-8b35-493a-8329-bc6b4ab5a53d,15,15,0,20.8,20.8,0,false,false,false,false,false,false
U1,moisturizer,balm_candidate_a,5848640c-84ca-4079-9d9e-8f3113159fe1,16,16,0,19.5,19.5,0,false,false,false,false,false,false
U1,moisturizer,balm_candidate_a,1f20944c-5a86-4748-8daf-7d57259ea6c0,17,17,0,18.3,18.3,0,false,false,false,false,false,false
U1,moisturizer,balm_candidate_a,24103bd1-c7ba-4cc9-b9b9-8129c6452232,18,18,0,17.5,17.5,0,false,false,false,false,false,false
U1,moisturizer,balm_candidate_a,3f12f933-9525-4ee1-80c5-257daf40d902,19,19,0,17.1,17.1,0,false,false,false,false,false,false
U1,moisturizer,balm_candidate_a,d0319209-502b-4c85-be54-392600ff6b23,20,20,0,17,17,0,false,false,false,false,false,false
U1,moisturizer,balm_candidate_a,d4e752ca-81bb-49bf-b74d-03d388830f47,21,21,0,17,17,0,false,false,false,false,false,false
U1,moisturizer,balm_candidate_a,de9fbe7f-e28b-4a8e-bbf6-536d3aa2a2c4,22,22,0,16.9,16.9,0,false,false,false,false,false,false
U1,moisturizer,balm_candidate_a,358bb655-d0e8-4bbf-93c0-58eea5b5d7ae,23,23,0,16.5,16.5,0,false,false,false,false,false,false
U1,moisturizer,balm_candidate_a,2ab9955d-9e7f-41fc-9751-9e313d50e492,24,24,0,14.7,14.7,0,false,false,false,false,false,false
U1,moisturizer,balm_candidate_a,e8d1bb9d-1a8b-430b-a79d-79d16b18ce5e,25,25,0,14.1,14.1,0,false,false,false,false,false,false
U1,moisturizer,balm_candidate_a,93d11022-2b8c-4a72-a3a1-9f69655b9e91,26,26,0,13.9,13.9,0,false,false,false,false,false,false
U1,moisturizer,balm_candidate_a,97deb2cc-2fae-4dbb-8253-03170e197002,27,27,0,12.6,12.6,0,false,false,false,false,false,false
U1,moisturizer,balm_candidate_a,65a4c320-4815-4488-b031-b0a06b4702ca,28,28,0,12.5,12.5,0,false,false,false,false,false,false
U1,moisturizer,balm_candidate_a,e4f25cfc-293d-47f8-8eea-70e4b0ec1c7b,29,29,0,12.4,12.4,0,false,false,false,false,false,false
U1,moisturizer,balm_candidate_a,2d52e270-0429-4c5f-89dd-5c608b92fe8c,30,30,0,12.4,12.4,0,false,false,false,false,false,false
U1,moisturizer,balm_candidate_a,37f18d02-adfd-4c72-b267-8e8facb1c5d1,31,31,0,12.4,12.4,0,false,false,false,false,false,false
U1,moisturizer,balm_candidate_a,7a58897d-bc51-47e8-ba8d-60322b5f8f3d,32,32,0,12.1,12.1,0,false,false,false,false,false,false
U1,moisturizer,balm_candidate_a,ffbaebea-2515-4c5f-8403-cd9a56830ae4,33,33,0,12.1,12.1,0,false,false,false,false,false,false
U1,moisturizer,balm_candidate_a,bd98f785-15c8-4800-af64-d39c3ad873a0,34,34,0,12.1,12.1,0,false,false,false,false,false,false
U1,moisturizer,balm_candidate_a,9a98cc54-6238-4ed6-91d0-200f5203f46c,35,35,0,12,12,0,false,false,false,false,false,false
U1,moisturizer,balm_candidate_a,615c6866-b1ea-48d3-adbe-fbe1831dc6f1,36,36,0,11.6,11.6,0,false,false,false,false,false,false
U1,moisturizer,balm_candidate_a,ef252acf-cfe2-4b2b-a223-80064be88e52,37,37,0,9.6,9.6,0,false,false,false,false,false,false
U1,moisturizer,balm_candidate_a,03f5a72b-6c9a-4487-a3a9-39d1e6afa7bb,38,38,0,6.5,6.5,0,false,false,false,false,false,false
U1,moisturizer,balm_candidate_a,c67266dd-3706-4929-9196-936d1f61cbc5,39,39,0,4.3,4.3,0,false,false,false,false,false,false
U1,moisturizer,balm_candidate_a,b1f6b527-679f-48f3-9b58-5d28ec095f2f,40,40,0,4,4,0,false,false,false,false,false,false
U1,moisturizer,balm_candidate_a,c2bb9ffd-f261-4f9b-91ed-23f6cea9ada1,41,,,1.6,1.6,0,true,false,false,false,false,false
U1,moisturizer,balm_candidate_a,fd00be48-42e4-4db5-8838-e0820f147254,42,41,-1,1,1,0,false,false,false,false,false,false
U1,moisturizer,balm_candidate_a,7a98b5e7-2c1f-441a-afee-dd1c592d95bc,43,42,-1,0.9,0.9,0,false,false,false,false,false,false
U1,moisturizer,balm_candidate_a,e15a1f7e-29b3-49fd-aae4-297bf9ada4ed,44,43,-1,0.8,0.8,0,false,false,false,false,false,false
U1,moisturizer,balm_candidate_a,418e2bc1-7d6c-4334-9058-7af7ce159c6c,45,44,-1,0.6,0.6,0,false,false,false,false,false,false
U1,moisturizer,balm_candidate_a,b72b0570-ee3f-4692-b45f-633b46ae3b64,46,,,0.4,0.4,0,true,false,false,false,false,false
U1,moisturizer,balm_candidate_a,d5093dae-ce2f-4681-9811-2052e1779ff3,47,45,-2,0.1,0.1,0,false,false,false,false,false,false
U1,moisturizer,balm_candidate_a,cd0022c9-a80e-4f57-876b-79e1cb311a15,48,,,0.1,0.1,0,true,false,false,false,false,false
U1,moisturizer,balm_candidate_a,06d1ad4b-2291-4b73-8bf4-f1f3c0226fea,49,46,-3,-1.5,-1.5,0,false,false,false,false,false,false
U1,moisturizer,balm_candidate_a,4aa41038-de5b-4125-97b0-a50e7575cc00,50,47,-3,-1.7,-1.7,0,false,false,false,false,false,false
U1,moisturizer,balm_candidate_a,4c7af697-1413-4b7d-a89e-6edd2bd5f40c,51,,,-1.8,-1.8,0,true,false,false,false,false,false
U1,moisturizer,balm_candidate_a,8c2c12e7-2fa6-4230-bee6-958a4dc9dc97,52,,,-2.1,-2.1,0,true,false,false,false,false,false
U1,moisturizer,balm_candidate_a,49a483f3-9232-4b58-a91b-ddb5ea2f973e,53,,,-2.5,-2.5,0,true,false,false,false,false,false
U1,moisturizer,balm_candidate_a,976c13ef-8ebd-4b69-acae-0d070f6cd590,54,48,-6,-2.5,-2.5,0,false,false,false,false,false,false
U1,moisturizer,balm_candidate_a,3fe73499-c2a9-4ee5-b4b5-6a60e07c6686,55,,,-2.9,-2.9,0,true,false,false,false,false,false
U1,moisturizer,balm_candidate_a,d35a03e7-4974-4eef-ad9d-c2e909622c6c,56,,,-3.4,-3.4,0,true,false,false,false,false,false
U1,moisturizer,balm_candidate_a,3e8c269e-17d8-47ec-a51d-9eada96461f4,57,,,-3.5,-3.5,0,true,false,false,false,false,false
U1,moisturizer,balm_candidate_a,f0bea751-1439-4f32-b9e9-1e204c5dd64e,58,,,-3.5,-3.5,0,true,false,false,false,false,false
U1,moisturizer,balm_candidate_a,637782f6-709e-45e3-a886-a279c142667d,59,,,-3.5,-3.5,0,true,false,false,false,false,false
U1,moisturizer,balm_candidate_a,7b4a237c-7f6e-4f18-a581-9d6fcad8f92e,60,,,-3.9,-3.9,0,true,false,false,false,false,false
U1,moisturizer,balm_candidate_a,36b7d8f7-eb23-4fdb-a510-99ad4b64eb0e,61,,,-3.9,-3.9,0,true,false,false,false,false,false
U1,moisturizer,balm_candidate_b,173c63a8-a40d-4d1e-acb6-a7944d66ec43,1,1,0,44.6,44.6,0,false,false,false,false,false,false
U1,moisturizer,balm_candidate_b,af70acaa-24b0-45eb-b82b-3c3b9f6d589f,2,2,0,43.4,43.4,0,false,false,false,false,false,false
U1,moisturizer,balm_candidate_b,deaacf29-585c-4e1b-a7c3-73a243e69c2e,3,3,0,42.8,42.8,0,false,false,false,false,false,false
U1,moisturizer,balm_candidate_b,9e727419-40e6-4c61-b44c-609507b7b822,4,4,0,35.4,35.4,0,false,false,false,false,false,false
U1,moisturizer,balm_candidate_b,5116d78d-0118-42b1-acc8-1ee384624725,5,5,0,34,34,0,false,false,false,false,false,false
U1,moisturizer,balm_candidate_b,b639c8b4-6a61-440e-b4db-fac7381593ff,6,6,0,33.3,33.3,0,false,false,false,false,false,false
U1,moisturizer,balm_candidate_b,47a8a197-40d4-41df-b1ed-7f85eb458a3d,7,7,0,31,31,0,false,false,false,false,false,false
U1,moisturizer,balm_candidate_b,ae72c231-3629-4272-8c16-9ca4372e3985,8,8,0,29.1,29.1,0,false,false,false,false,false,false
U1,moisturizer,balm_candidate_b,a59880f2-be88-4938-9958-254b87fd37ea,9,9,0,27.9,27.9,0,false,false,false,false,false,false
U1,moisturizer,balm_candidate_b,c7839904-2245-4a86-922c-4d59cf8df0b3,10,10,0,24.9,24.9,0,false,false,false,false,false,false
U1,moisturizer,balm_candidate_b,1eb7b437-b527-44e4-b4c2-5d56dc26d2d3,11,11,0,23.1,23.1,0,false,false,false,false,false,false
U1,moisturizer,balm_candidate_b,4cbd41f3-1357-42c6-a6c7-6df0e90d54a7,12,12,0,22.7,22.7,0,false,false,false,false,false,false
U1,moisturizer,balm_candidate_b,df3ab2f1-a4bf-46f9-aaff-df3665156b37,13,13,0,22.4,22.4,0,false,false,false,false,false,false
U1,moisturizer,balm_candidate_b,d2141a9d-3975-4d93-83f7-a4814c9c6a57,14,14,0,21.3,21.3,0,false,false,false,false,false,false
U1,moisturizer,balm_candidate_b,15b45c92-8b35-493a-8329-bc6b4ab5a53d,15,15,0,20.8,20.8,0,false,false,false,false,false,false
U1,moisturizer,balm_candidate_b,5848640c-84ca-4079-9d9e-8f3113159fe1,16,16,0,19.5,19.5,0,false,false,false,false,false,false
U1,moisturizer,balm_candidate_b,1f20944c-5a86-4748-8daf-7d57259ea6c0,17,17,0,18.3,18.3,0,false,false,false,false,false,false
U1,moisturizer,balm_candidate_b,24103bd1-c7ba-4cc9-b9b9-8129c6452232,18,18,0,17.5,17.5,0,false,false,false,false,false,false
U1,moisturizer,balm_candidate_b,3f12f933-9525-4ee1-80c5-257daf40d902,19,19,0,17.1,17.1,0,false,false,false,false,false,false
U1,moisturizer,balm_candidate_b,d0319209-502b-4c85-be54-392600ff6b23,20,20,0,17,17,0,false,false,false,false,false,false
U1,moisturizer,balm_candidate_b,d4e752ca-81bb-49bf-b74d-03d388830f47,21,21,0,17,17,0,false,false,false,false,false,false
U1,moisturizer,balm_candidate_b,de9fbe7f-e28b-4a8e-bbf6-536d3aa2a2c4,22,22,0,16.9,16.9,0,false,false,false,false,false,false
U1,moisturizer,balm_candidate_b,358bb655-d0e8-4bbf-93c0-58eea5b5d7ae,23,23,0,16.5,16.5,0,false,false,false,false,false,false
U1,moisturizer,balm_candidate_b,2ab9955d-9e7f-41fc-9751-9e313d50e492,24,24,0,14.7,14.7,0,false,false,false,false,false,false
U1,moisturizer,balm_candidate_b,e8d1bb9d-1a8b-430b-a79d-79d16b18ce5e,25,25,0,14.1,14.1,0,false,false,false,false,false,false
U1,moisturizer,balm_candidate_b,93d11022-2b8c-4a72-a3a1-9f69655b9e91,26,26,0,13.9,13.9,0,false,false,false,false,false,false
U1,moisturizer,balm_candidate_b,97deb2cc-2fae-4dbb-8253-03170e197002,27,27,0,12.6,12.6,0,false,false,false,false,false,false
U1,moisturizer,balm_candidate_b,65a4c320-4815-4488-b031-b0a06b4702ca,28,28,0,12.5,12.5,0,false,false,false,false,false,false
U1,moisturizer,balm_candidate_b,e4f25cfc-293d-47f8-8eea-70e4b0ec1c7b,29,29,0,12.4,12.4,0,false,false,false,false,false,false
U1,moisturizer,balm_candidate_b,2d52e270-0429-4c5f-89dd-5c608b92fe8c,30,30,0,12.4,12.4,0,false,false,false,false,false,false
U1,moisturizer,balm_candidate_b,37f18d02-adfd-4c72-b267-8e8facb1c5d1,31,31,0,12.4,12.4,0,false,false,false,false,false,false
U1,moisturizer,balm_candidate_b,7a58897d-bc51-47e8-ba8d-60322b5f8f3d,32,32,0,12.1,12.1,0,false,false,false,false,false,false
U1,moisturizer,balm_candidate_b,ffbaebea-2515-4c5f-8403-cd9a56830ae4,33,33,0,12.1,12.1,0,false,false,false,false,false,false
U1,moisturizer,balm_candidate_b,bd98f785-15c8-4800-af64-d39c3ad873a0,34,34,0,12.1,12.1,0,false,false,false,false,false,false
U1,moisturizer,balm_candidate_b,9a98cc54-6238-4ed6-91d0-200f5203f46c,35,35,0,12,12,0,false,false,false,false,false,false
U1,moisturizer,balm_candidate_b,615c6866-b1ea-48d3-adbe-fbe1831dc6f1,36,36,0,11.6,11.6,0,false,false,false,false,false,false
U1,moisturizer,balm_candidate_b,ef252acf-cfe2-4b2b-a223-80064be88e52,37,37,0,9.6,9.6,0,false,false,false,false,false,false
U1,moisturizer,balm_candidate_b,03f5a72b-6c9a-4487-a3a9-39d1e6afa7bb,38,38,0,6.5,6.5,0,false,false,false,false,false,false
U1,moisturizer,balm_candidate_b,c67266dd-3706-4929-9196-936d1f61cbc5,39,39,0,4.3,4.3,0,false,false,false,false,false,false
U1,moisturizer,balm_candidate_b,b1f6b527-679f-48f3-9b58-5d28ec095f2f,40,40,0,4,4,0,false,false,false,false,false,false
U1,moisturizer,balm_candidate_b,c2bb9ffd-f261-4f9b-91ed-23f6cea9ada1,41,,,1.6,1.6,0,true,false,false,false,false,false
U1,moisturizer,balm_candidate_b,fd00be48-42e4-4db5-8838-e0820f147254,42,41,-1,1,1,0,false,false,false,false,false,false
U1,moisturizer,balm_candidate_b,7a98b5e7-2c1f-441a-afee-dd1c592d95bc,43,42,-1,0.9,0.9,0,false,false,false,false,false,false
U1,moisturizer,balm_candidate_b,e15a1f7e-29b3-49fd-aae4-297bf9ada4ed,44,43,-1,0.8,0.8,0,false,false,false,false,false,false
U1,moisturizer,balm_candidate_b,418e2bc1-7d6c-4334-9058-7af7ce159c6c,45,44,-1,0.6,0.6,0,false,false,false,false,false,false
U1,moisturizer,balm_candidate_b,b72b0570-ee3f-4692-b45f-633b46ae3b64,46,,,0.4,0.4,0,true,false,false,false,false,false
U1,moisturizer,balm_candidate_b,d5093dae-ce2f-4681-9811-2052e1779ff3,47,45,-2,0.1,0.1,0,false,false,false,false,false,false
U1,moisturizer,balm_candidate_b,cd0022c9-a80e-4f57-876b-79e1cb311a15,48,46,-2,0.1,0.1,0,false,false,false,false,false,false
U1,moisturizer,balm_candidate_b,06d1ad4b-2291-4b73-8bf4-f1f3c0226fea,49,47,-2,-1.5,-1.5,0,false,false,false,false,false,false
U1,moisturizer,balm_candidate_b,4aa41038-de5b-4125-97b0-a50e7575cc00,50,48,-2,-1.7,-1.7,0,false,false,false,false,false,false
U1,moisturizer,balm_candidate_b,4c7af697-1413-4b7d-a89e-6edd2bd5f40c,51,,,-1.8,-1.8,0,true,false,false,false,false,false
U1,moisturizer,balm_candidate_b,8c2c12e7-2fa6-4230-bee6-958a4dc9dc97,52,49,-3,-2.1,-2.1,0,false,false,false,false,false,false
U1,moisturizer,balm_candidate_b,49a483f3-9232-4b58-a91b-ddb5ea2f973e,53,,,-2.5,-2.5,0,true,false,false,false,false,false
U1,moisturizer,balm_candidate_b,976c13ef-8ebd-4b69-acae-0d070f6cd590,54,50,-4,-2.5,-2.5,0,false,false,false,false,false,false
U1,moisturizer,balm_candidate_b,3fe73499-c2a9-4ee5-b4b5-6a60e07c6686,55,51,-4,-2.9,-2.9,0,false,false,false,false,false,false
U1,moisturizer,balm_candidate_b,d35a03e7-4974-4eef-ad9d-c2e909622c6c,56,52,-4,-3.4,-3.4,0,false,false,false,false,false,false
U1,moisturizer,balm_candidate_b,3e8c269e-17d8-47ec-a51d-9eada96461f4,57,53,-4,-3.5,-3.5,0,false,false,false,false,false,false
U1,moisturizer,balm_candidate_b,f0bea751-1439-4f32-b9e9-1e204c5dd64e,58,54,-4,-3.5,-3.5,0,false,false,false,false,false,false
U1,moisturizer,balm_candidate_b,637782f6-709e-45e3-a886-a279c142667d,59,,,-3.5,-3.5,0,true,false,false,false,false,false
U1,moisturizer,balm_candidate_b,7b4a237c-7f6e-4f18-a581-9d6fcad8f92e,60,,,-3.9,-3.9,0,true,false,false,false,false,false
U1,moisturizer,balm_candidate_b,36b7d8f7-eb23-4fdb-a510-99ad4b64eb0e,61,,,-3.9,-3.9,0,true,false,false,false,false,false
U1,sunscreen,sunscreen_completeness,765b3ca1-6927-49b0-bee6-4138d03dd915,1,1,0,57.8,57.8,0,false,false,false,false,true,false
U1,sunscreen,sunscreen_completeness,cbcd06a2-de29-47ca-afd1-ab1d5de93903,2,2,0,44.7,44.7,0,false,false,false,false,false,false
U1,sunscreen,sunscreen_completeness,336bb533-0fe4-4380-8b9f-ab16fb24b807,3,3,0,13.1,13.1,0,false,false,false,false,true,false
U1,sunscreen,sunscreen_completeness,dc1ef3f3-db1b-4c3f-954a-b18343e3d9f3,4,4,0,6,6,0,false,false,false,false,true,false
U1,sunscreen,sunscreen_completeness,0bb742d2-df6b-49a7-8e29-8f76ae62ac0d,5,5,0,4.4,4.4,0,false,false,false,false,true,false
U1,sunscreen,sunscreen_completeness,2d3591f2-2216-4043-8493-a9492806ef8b,6,6,0,1.4,1.4,0,false,false,false,false,true,false
U1,sunscreen,sunscreen_completeness,9983f167-24e7-4223-bd86-446ce6ced31b,7,7,0,0.9,0.9,0,false,false,false,false,true,false
U1,sunscreen,sunscreen_completeness,dd326b18-ea56-45fb-8571-42186b6c9159,8,8,0,-7.1,-7.1,0,false,false,false,false,true,false
U1,sunscreen,sunscreen_completeness,fdf06871-db8e-4e73-a48c-c057c5ce925d,9,9,0,-7.7,-7.7,0,false,false,false,false,true,false
U1,sunscreen,sunscreen_completeness,25b2763f-529f-4b2e-a436-2e0776279c55,10,10,0,-8.3,-8.3,0,false,false,false,false,true,false
U1,sunscreen,sunscreen_completeness,57e4a5ec-115d-4322-85a1-7976db669700,11,11,0,-8.6,-8.6,0,false,false,false,false,true,false
U10,cleanser,cleanser_structured_authority,0b59cb66-ab03-4a0d-815e-7a94a5c7ae65,1,1,0,42.8,42.8,0,false,false,false,false,false,false
U10,cleanser,cleanser_structured_authority,d4f64d02-6d35-435b-8269-b6ed7cd34bad,2,2,0,42.1,42.1,0,false,false,false,false,false,false
U10,cleanser,cleanser_structured_authority,15420430-2a68-49e2-ab53-716d9c4ff45e,3,3,0,41.6,41.6,0,false,false,false,false,false,false
U10,cleanser,cleanser_structured_authority,65a4be83-a9b7-4b1d-bd58-1b6e99cf66fc,4,4,0,40.9,40.9,0,false,false,false,false,false,false
U10,cleanser,cleanser_structured_authority,51d526de-b127-47c4-83f1-64fc1ec4aa10,5,5,0,32.5,32.5,0,false,false,false,false,false,false
U10,cleanser,cleanser_structured_authority,c8f78d00-85b9-4850-b464-e8a0d815b2d8,6,6,0,29.5,29.5,0,false,false,false,false,false,false
U10,cleanser,cleanser_structured_authority,50d8285d-9f90-4437-9427-ecc93e9fa055,7,7,0,27,27,0,false,false,false,false,false,false
U10,cleanser,cleanser_structured_authority,5448b8c3-cf87-4561-a699-3baf3dcb3dab,8,8,0,24,24,0,false,false,false,false,false,false
U10,cleanser,cleanser_structured_authority,8889342d-d9a2-454b-aa27-60d4934b9978,9,9,0,20.8,20.8,0,false,false,false,false,false,false
U10,cleanser,cleanser_structured_authority,635aa0fd-aabb-495e-b68f-42b1135df544,10,10,0,19.6,19.6,0,false,false,false,false,false,false
U10,cleanser,cleanser_structured_authority,f2a697ce-43d9-4a9a-b110-1f332bc29b50,11,11,0,18.1,18.1,0,false,false,false,false,false,false
U10,cleanser,cleanser_structured_authority,d0b4789c-bc0a-46e1-8317-ce498377333e,12,12,0,17.1,17.1,0,false,false,false,false,false,false
U10,cleanser,cleanser_structured_authority,d7bb44e4-d585-41ca-8a74-04781470d1de,13,13,0,15.8,15.8,0,false,false,false,false,false,false
U10,cleanser,cleanser_structured_authority,b46ca581-7a4e-4cf1-b599-b9fdc026885d,14,14,0,15.1,15.1,0,false,false,false,false,false,false
U10,cleanser,cleanser_structured_authority,0bced9fe-aa08-4982-bb4a-03fb9ed509c1,15,15,0,13.7,13.7,0,false,false,false,false,false,false
U10,cleanser,cleanser_structured_authority,3f83bb85-cc53-4aa0-a0f0-e08535288749,16,16,0,12.8,12.8,0,false,false,false,false,false,false
U10,cleanser,cleanser_structured_authority,fbe265d2-8457-4c4f-96e2-7a08be0e5073,17,17,0,11.8,11.8,0,false,false,false,false,false,false
U10,cleanser,cleanser_structured_authority,2fddc273-d7ee-4034-a399-3bfd2cfcafd4,18,18,0,11.7,11.7,0,false,false,false,false,false,false
U10,cleanser,cleanser_structured_authority,e6c3f88c-6908-401f-83d1-a5164f1dd60a,19,19,0,10.9,10.9,0,false,false,false,false,false,false
U10,cleanser,cleanser_structured_authority,cd3b66be-cddc-47e1-906f-a871dea84412,20,20,0,10,10,0,false,false,false,false,false,false
U10,cleanser,cleanser_structured_authority,63300ce0-9bb7-4ce5-98d5-5c59ae283cda,21,21,0,9.6,9.6,0,false,false,false,false,false,false
U10,cleanser,cleanser_structured_authority,0def9373-087e-4998-8ef1-7f4cbdac40e4,22,22,0,8.7,8.7,0,false,false,false,false,false,false
U10,cleanser,cleanser_structured_authority,009e0339-fa00-429e-a1c2-2a23eb4707f8,23,23,0,7.5,7.5,0,false,false,false,false,false,false
U10,cleanser,cleanser_structured_authority,6d560546-80f1-4ccf-9d2c-34023722d2a7,24,24,0,7.2,7.2,0,false,false,false,false,false,false
U10,cleanser,cleanser_structured_authority,cb04b777-9a57-4246-9431-3018638354db,25,25,0,0.3,0.3,0,false,false,false,false,false,false
U10,cleanser,cleanser_structured_authority,9d47de96-3227-494b-a8aa-2a4a3b7959d8,26,26,0,-12.3,-12.3,0,false,false,false,false,false,false
U10,moisturizer,balm_candidate_a,c67266dd-3706-4929-9196-936d1f61cbc5,1,1,0,79.1,79.1,0,false,false,false,false,false,false
U10,moisturizer,balm_candidate_a,b1f6b527-679f-48f3-9b58-5d28ec095f2f,2,2,0,76.1,76.1,0,false,false,false,false,false,false
U10,moisturizer,balm_candidate_a,b639c8b4-6a61-440e-b4db-fac7381593ff,3,3,0,73.2,73.2,0,false,false,false,false,false,false
U10,moisturizer,balm_candidate_a,c2bb9ffd-f261-4f9b-91ed-23f6cea9ada1,4,,,73.1,73.1,0,true,false,false,false,false,false
U10,moisturizer,balm_candidate_a,a59880f2-be88-4938-9958-254b87fd37ea,5,4,-1,72.3,72.3,0,false,false,false,false,false,false
U10,moisturizer,balm_candidate_a,637782f6-709e-45e3-a886-a279c142667d,6,,,71.5,71.5,0,true,false,false,false,false,false
U10,moisturizer,balm_candidate_a,36b7d8f7-eb23-4fdb-a510-99ad4b64eb0e,7,,,71.3,71.3,0,true,false,false,false,false,false
U10,moisturizer,balm_candidate_a,b72b0570-ee3f-4692-b45f-633b46ae3b64,8,,,70.7,70.7,0,true,false,false,false,false,false
U10,moisturizer,balm_candidate_a,bd98f785-15c8-4800-af64-d39c3ad873a0,9,5,-4,70.5,70.5,0,false,false,false,false,false,false
U10,moisturizer,balm_candidate_a,8c2c12e7-2fa6-4230-bee6-958a4dc9dc97,10,,,70.5,70.5,0,true,false,false,false,false,false
U10,moisturizer,balm_candidate_a,3e8c269e-17d8-47ec-a51d-9eada96461f4,11,,,70.2,70.2,0,true,false,false,false,false,false
U10,moisturizer,balm_candidate_a,418e2bc1-7d6c-4334-9058-7af7ce159c6c,12,6,-6,69.8,69.8,0,false,false,false,false,false,false
U10,moisturizer,balm_candidate_a,97deb2cc-2fae-4dbb-8253-03170e197002,13,7,-6,69.8,69.8,0,false,false,false,false,false,false
U10,moisturizer,balm_candidate_a,ae72c231-3629-4272-8c16-9ca4372e3985,14,8,-6,69.8,69.8,0,false,false,false,false,false,false
U10,moisturizer,balm_candidate_a,65a4c320-4815-4488-b031-b0a06b4702ca,15,9,-6,69.5,69.5,0,false,false,false,false,false,false
U10,moisturizer,balm_candidate_a,49a483f3-9232-4b58-a91b-ddb5ea2f973e,16,,,69.1,69.1,0,true,false,false,false,false,false
U10,moisturizer,balm_candidate_a,fd00be48-42e4-4db5-8838-e0820f147254,17,10,-7,68.9,68.9,0,false,false,false,false,false,false
U10,moisturizer,balm_candidate_a,3fe73499-c2a9-4ee5-b4b5-6a60e07c6686,18,,,68.8,68.8,0,true,false,false,false,false,false
U10,moisturizer,balm_candidate_a,e15a1f7e-29b3-49fd-aae4-297bf9ada4ed,19,11,-8,68.3,68.3,0,false,false,false,false,false,false
U10,moisturizer,balm_candidate_a,9a98cc54-6238-4ed6-91d0-200f5203f46c,20,12,-8,67.7,67.7,0,false,false,false,false,false,false
U10,moisturizer,balm_candidate_a,ffbaebea-2515-4c5f-8403-cd9a56830ae4,21,13,-8,67.5,67.5,0,false,false,false,false,false,false
U10,moisturizer,balm_candidate_a,4aa41038-de5b-4125-97b0-a50e7575cc00,22,14,-8,67.2,67.2,0,false,false,false,false,false,false
U10,moisturizer,balm_candidate_a,7a98b5e7-2c1f-441a-afee-dd1c592d95bc,23,15,-8,67.1,67.1,0,false,false,false,false,false,false
U10,moisturizer,balm_candidate_a,06d1ad4b-2291-4b73-8bf4-f1f3c0226fea,24,16,-8,67,67,0,false,false,false,false,false,false
U10,moisturizer,balm_candidate_a,615c6866-b1ea-48d3-adbe-fbe1831dc6f1,25,17,-8,66.7,66.7,0,false,false,false,false,false,false
U10,moisturizer,balm_candidate_a,7a58897d-bc51-47e8-ba8d-60322b5f8f3d,26,18,-8,66.5,66.5,0,false,false,false,false,false,false
U10,moisturizer,balm_candidate_a,d5093dae-ce2f-4681-9811-2052e1779ff3,27,19,-8,66.1,66.1,0,false,false,false,false,false,false
U10,moisturizer,balm_candidate_a,93d11022-2b8c-4a72-a3a1-9f69655b9e91,28,20,-8,66.1,66.1,0,false,false,false,false,false,false
U10,moisturizer,balm_candidate_a,37f18d02-adfd-4c72-b267-8e8facb1c5d1,29,21,-8,66.1,66.1,0,false,false,false,false,false,false
U10,moisturizer,balm_candidate_a,d4e752ca-81bb-49bf-b74d-03d388830f47,30,22,-8,65.8,65.8,0,false,false,false,false,false,false
U10,moisturizer,balm_candidate_a,e4f25cfc-293d-47f8-8eea-70e4b0ec1c7b,31,23,-8,65.7,65.7,0,false,false,false,false,false,false
U10,moisturizer,balm_candidate_a,cd0022c9-a80e-4f57-876b-79e1cb311a15,32,,,65.4,65.4,0,true,false,false,false,false,false
U10,moisturizer,balm_candidate_a,f0bea751-1439-4f32-b9e9-1e204c5dd64e,33,,,64,64,0,true,false,false,false,false,false
U10,moisturizer,balm_candidate_a,4c7af697-1413-4b7d-a89e-6edd2bd5f40c,34,,,63.4,63.4,0,true,false,false,false,false,false
U10,moisturizer,balm_candidate_a,976c13ef-8ebd-4b69-acae-0d070f6cd590,35,24,-11,63.2,63.2,0,false,false,false,false,false,false
U10,moisturizer,balm_candidate_a,2d52e270-0429-4c5f-89dd-5c608b92fe8c,36,25,-11,63,63,0,false,false,false,false,false,false
U10,moisturizer,balm_candidate_a,5116d78d-0118-42b1-acc8-1ee384624725,37,26,-11,62.3,62.3,0,false,false,false,false,false,false
U10,moisturizer,balm_candidate_a,d35a03e7-4974-4eef-ad9d-c2e909622c6c,38,,,62,62,0,true,false,false,false,false,false
U10,moisturizer,balm_candidate_a,ef252acf-cfe2-4b2b-a223-80064be88e52,39,27,-12,61.7,61.7,0,false,false,false,false,false,false
U10,moisturizer,balm_candidate_a,03f5a72b-6c9a-4487-a3a9-39d1e6afa7bb,40,28,-12,57.9,57.9,0,false,false,false,false,false,false
U10,moisturizer,balm_candidate_a,3f12f933-9525-4ee1-80c5-257daf40d902,41,29,-12,57.9,57.9,0,false,false,false,false,false,false
U10,moisturizer,balm_candidate_a,24103bd1-c7ba-4cc9-b9b9-8129c6452232,42,30,-12,57.7,57.7,0,false,false,false,false,false,false
U10,moisturizer,balm_candidate_a,de9fbe7f-e28b-4a8e-bbf6-536d3aa2a2c4,43,31,-12,57.4,57.4,0,false,false,false,false,false,false
U10,moisturizer,balm_candidate_a,5848640c-84ca-4079-9d9e-8f3113159fe1,44,32,-12,55.9,55.9,0,false,false,false,false,false,false
U10,moisturizer,balm_candidate_a,358bb655-d0e8-4bbf-93c0-58eea5b5d7ae,45,33,-12,55.1,55.1,0,false,false,false,false,false,false
U10,moisturizer,balm_candidate_a,15b45c92-8b35-493a-8329-bc6b4ab5a53d,46,34,-12,54.8,54.8,0,false,false,false,false,false,false
U10,moisturizer,balm_candidate_a,d0319209-502b-4c85-be54-392600ff6b23,47,35,-12,53.5,53.5,0,false,false,false,false,false,false
U10,moisturizer,balm_candidate_a,9e727419-40e6-4c61-b44c-609507b7b822,48,36,-12,52.7,52.7,0,false,false,false,false,false,false
U10,moisturizer,balm_candidate_a,deaacf29-585c-4e1b-a7c3-73a243e69c2e,49,37,-12,51.8,51.8,0,false,false,false,false,false,false
U10,moisturizer,balm_candidate_a,e8d1bb9d-1a8b-430b-a79d-79d16b18ce5e,50,38,-12,51,51,0,false,false,false,false,false,false
U10,moisturizer,balm_candidate_a,1f20944c-5a86-4748-8daf-7d57259ea6c0,51,39,-12,49.9,49.9,0,false,false,false,false,false,false
U10,moisturizer,balm_candidate_a,47a8a197-40d4-41df-b1ed-7f85eb458a3d,52,40,-12,49.4,49.4,0,false,false,false,false,false,false
U10,moisturizer,balm_candidate_a,7b4a237c-7f6e-4f18-a581-9d6fcad8f92e,53,,,49.3,49.3,0,true,false,false,false,false,false
U10,moisturizer,balm_candidate_a,173c63a8-a40d-4d1e-acb6-a7944d66ec43,54,41,-13,47.2,47.2,0,false,false,false,false,false,false
U10,moisturizer,balm_candidate_a,c7839904-2245-4a86-922c-4d59cf8df0b3,55,42,-13,46.4,46.4,0,false,false,false,false,false,false
U10,moisturizer,balm_candidate_a,1eb7b437-b527-44e4-b4c2-5d56dc26d2d3,56,43,-13,46.3,46.3,0,false,false,false,false,false,false
U10,moisturizer,balm_candidate_a,df3ab2f1-a4bf-46f9-aaff-df3665156b37,57,44,-13,45.1,45.1,0,false,false,false,false,false,false
U10,moisturizer,balm_candidate_a,2ab9955d-9e7f-41fc-9751-9e313d50e492,58,45,-13,42.8,42.8,0,false,false,false,false,false,false
U10,moisturizer,balm_candidate_a,d2141a9d-3975-4d93-83f7-a4814c9c6a57,59,46,-13,42.7,42.7,0,false,false,false,false,false,false
U10,moisturizer,balm_candidate_a,4cbd41f3-1357-42c6-a6c7-6df0e90d54a7,60,47,-13,41.7,41.7,0,false,false,false,false,false,false
U10,moisturizer,balm_candidate_a,af70acaa-24b0-45eb-b82b-3c3b9f6d589f,61,48,-13,39.8,39.8,0,false,false,false,false,false,false
U10,moisturizer,balm_candidate_b,c67266dd-3706-4929-9196-936d1f61cbc5,1,1,0,79.1,79.1,0,false,false,false,false,false,false
U10,moisturizer,balm_candidate_b,b1f6b527-679f-48f3-9b58-5d28ec095f2f,2,2,0,76.1,76.1,0,false,false,false,false,false,false
U10,moisturizer,balm_candidate_b,b639c8b4-6a61-440e-b4db-fac7381593ff,3,3,0,73.2,73.2,0,false,false,false,false,false,false
U10,moisturizer,balm_candidate_b,c2bb9ffd-f261-4f9b-91ed-23f6cea9ada1,4,,,73.1,73.1,0,true,false,false,false,false,false
U10,moisturizer,balm_candidate_b,a59880f2-be88-4938-9958-254b87fd37ea,5,4,-1,72.3,72.3,0,false,false,false,false,false,false
U10,moisturizer,balm_candidate_b,637782f6-709e-45e3-a886-a279c142667d,6,,,71.5,71.5,0,true,false,false,false,false,false
U10,moisturizer,balm_candidate_b,36b7d8f7-eb23-4fdb-a510-99ad4b64eb0e,7,,,71.3,71.3,0,true,false,false,false,false,false
U10,moisturizer,balm_candidate_b,b72b0570-ee3f-4692-b45f-633b46ae3b64,8,,,70.7,70.7,0,true,false,false,false,false,false
U10,moisturizer,balm_candidate_b,bd98f785-15c8-4800-af64-d39c3ad873a0,9,5,-4,70.5,70.5,0,false,false,false,false,false,false
U10,moisturizer,balm_candidate_b,8c2c12e7-2fa6-4230-bee6-958a4dc9dc97,10,6,-4,70.5,70.5,0,false,false,false,false,false,false
U10,moisturizer,balm_candidate_b,3e8c269e-17d8-47ec-a51d-9eada96461f4,11,7,-4,70.2,70.2,0,false,false,false,false,false,false
U10,moisturizer,balm_candidate_b,418e2bc1-7d6c-4334-9058-7af7ce159c6c,12,8,-4,69.8,69.8,0,false,false,false,false,false,false
U10,moisturizer,balm_candidate_b,97deb2cc-2fae-4dbb-8253-03170e197002,13,9,-4,69.8,69.8,0,false,false,false,false,false,false
U10,moisturizer,balm_candidate_b,ae72c231-3629-4272-8c16-9ca4372e3985,14,10,-4,69.8,69.8,0,false,false,false,false,false,false
U10,moisturizer,balm_candidate_b,65a4c320-4815-4488-b031-b0a06b4702ca,15,11,-4,69.5,69.5,0,false,false,false,false,false,false
U10,moisturizer,balm_candidate_b,49a483f3-9232-4b58-a91b-ddb5ea2f973e,16,,,69.1,69.1,0,true,false,false,false,false,false
U10,moisturizer,balm_candidate_b,fd00be48-42e4-4db5-8838-e0820f147254,17,12,-5,68.9,68.9,0,false,false,false,false,false,false
U10,moisturizer,balm_candidate_b,3fe73499-c2a9-4ee5-b4b5-6a60e07c6686,18,13,-5,68.8,68.8,0,false,false,false,false,false,false
U10,moisturizer,balm_candidate_b,e15a1f7e-29b3-49fd-aae4-297bf9ada4ed,19,14,-5,68.3,68.3,0,false,false,false,false,false,false
U10,moisturizer,balm_candidate_b,9a98cc54-6238-4ed6-91d0-200f5203f46c,20,15,-5,67.7,67.7,0,false,false,false,false,false,false
U10,moisturizer,balm_candidate_b,ffbaebea-2515-4c5f-8403-cd9a56830ae4,21,16,-5,67.5,67.5,0,false,false,false,false,false,false
U10,moisturizer,balm_candidate_b,4aa41038-de5b-4125-97b0-a50e7575cc00,22,17,-5,67.2,67.2,0,false,false,false,false,false,false
U10,moisturizer,balm_candidate_b,7a98b5e7-2c1f-441a-afee-dd1c592d95bc,23,18,-5,67.1,67.1,0,false,false,false,false,false,false
U10,moisturizer,balm_candidate_b,06d1ad4b-2291-4b73-8bf4-f1f3c0226fea,24,19,-5,67,67,0,false,false,false,false,false,false
U10,moisturizer,balm_candidate_b,615c6866-b1ea-48d3-adbe-fbe1831dc6f1,25,20,-5,66.7,66.7,0,false,false,false,false,false,false
U10,moisturizer,balm_candidate_b,7a58897d-bc51-47e8-ba8d-60322b5f8f3d,26,21,-5,66.5,66.5,0,false,false,false,false,false,false
U10,moisturizer,balm_candidate_b,d5093dae-ce2f-4681-9811-2052e1779ff3,27,22,-5,66.1,66.1,0,false,false,false,false,false,false
U10,moisturizer,balm_candidate_b,93d11022-2b8c-4a72-a3a1-9f69655b9e91,28,23,-5,66.1,66.1,0,false,false,false,false,false,false
U10,moisturizer,balm_candidate_b,37f18d02-adfd-4c72-b267-8e8facb1c5d1,29,24,-5,66.1,66.1,0,false,false,false,false,false,false
U10,moisturizer,balm_candidate_b,d4e752ca-81bb-49bf-b74d-03d388830f47,30,25,-5,65.8,65.8,0,false,false,false,false,false,false
U10,moisturizer,balm_candidate_b,e4f25cfc-293d-47f8-8eea-70e4b0ec1c7b,31,26,-5,65.7,65.7,0,false,false,false,false,false,false
U10,moisturizer,balm_candidate_b,cd0022c9-a80e-4f57-876b-79e1cb311a15,32,27,-5,65.4,65.4,0,false,false,false,false,false,false
U10,moisturizer,balm_candidate_b,f0bea751-1439-4f32-b9e9-1e204c5dd64e,33,28,-5,64,64,0,false,false,false,false,false,false
U10,moisturizer,balm_candidate_b,4c7af697-1413-4b7d-a89e-6edd2bd5f40c,34,,,63.4,63.4,0,true,false,false,false,false,false
U10,moisturizer,balm_candidate_b,976c13ef-8ebd-4b69-acae-0d070f6cd590,35,29,-6,63.2,63.2,0,false,false,false,false,false,false
U10,moisturizer,balm_candidate_b,2d52e270-0429-4c5f-89dd-5c608b92fe8c,36,30,-6,63,63,0,false,false,false,false,false,false
U10,moisturizer,balm_candidate_b,5116d78d-0118-42b1-acc8-1ee384624725,37,31,-6,62.3,62.3,0,false,false,false,false,false,false
U10,moisturizer,balm_candidate_b,d35a03e7-4974-4eef-ad9d-c2e909622c6c,38,32,-6,62,62,0,false,false,false,false,false,false
U10,moisturizer,balm_candidate_b,ef252acf-cfe2-4b2b-a223-80064be88e52,39,33,-6,61.7,61.7,0,false,false,false,false,false,false
U10,moisturizer,balm_candidate_b,03f5a72b-6c9a-4487-a3a9-39d1e6afa7bb,40,34,-6,57.9,57.9,0,false,false,false,false,false,false
U10,moisturizer,balm_candidate_b,3f12f933-9525-4ee1-80c5-257daf40d902,41,35,-6,57.9,57.9,0,false,false,false,false,false,false
U10,moisturizer,balm_candidate_b,24103bd1-c7ba-4cc9-b9b9-8129c6452232,42,36,-6,57.7,57.7,0,false,false,false,false,false,false
U10,moisturizer,balm_candidate_b,de9fbe7f-e28b-4a8e-bbf6-536d3aa2a2c4,43,37,-6,57.4,57.4,0,false,false,false,false,false,false
U10,moisturizer,balm_candidate_b,5848640c-84ca-4079-9d9e-8f3113159fe1,44,38,-6,55.9,55.9,0,false,false,false,false,false,false
U10,moisturizer,balm_candidate_b,358bb655-d0e8-4bbf-93c0-58eea5b5d7ae,45,39,-6,55.1,55.1,0,false,false,false,false,false,false
U10,moisturizer,balm_candidate_b,15b45c92-8b35-493a-8329-bc6b4ab5a53d,46,40,-6,54.8,54.8,0,false,false,false,false,false,false
U10,moisturizer,balm_candidate_b,d0319209-502b-4c85-be54-392600ff6b23,47,41,-6,53.5,53.5,0,false,false,false,false,false,false
U10,moisturizer,balm_candidate_b,9e727419-40e6-4c61-b44c-609507b7b822,48,42,-6,52.7,52.7,0,false,false,false,false,false,false
U10,moisturizer,balm_candidate_b,deaacf29-585c-4e1b-a7c3-73a243e69c2e,49,43,-6,51.8,51.8,0,false,false,false,false,false,false
U10,moisturizer,balm_candidate_b,e8d1bb9d-1a8b-430b-a79d-79d16b18ce5e,50,44,-6,51,51,0,false,false,false,false,false,false
U10,moisturizer,balm_candidate_b,1f20944c-5a86-4748-8daf-7d57259ea6c0,51,45,-6,49.9,49.9,0,false,false,false,false,false,false
U10,moisturizer,balm_candidate_b,47a8a197-40d4-41df-b1ed-7f85eb458a3d,52,46,-6,49.4,49.4,0,false,false,false,false,false,false
U10,moisturizer,balm_candidate_b,7b4a237c-7f6e-4f18-a581-9d6fcad8f92e,53,,,49.3,49.3,0,true,false,false,false,false,false
U10,moisturizer,balm_candidate_b,173c63a8-a40d-4d1e-acb6-a7944d66ec43,54,47,-7,47.2,47.2,0,false,false,false,false,false,false
U10,moisturizer,balm_candidate_b,c7839904-2245-4a86-922c-4d59cf8df0b3,55,48,-7,46.4,46.4,0,false,false,false,false,false,false
U10,moisturizer,balm_candidate_b,1eb7b437-b527-44e4-b4c2-5d56dc26d2d3,56,49,-7,46.3,46.3,0,false,false,false,false,false,false
U10,moisturizer,balm_candidate_b,df3ab2f1-a4bf-46f9-aaff-df3665156b37,57,50,-7,45.1,45.1,0,false,false,false,false,false,false
U10,moisturizer,balm_candidate_b,2ab9955d-9e7f-41fc-9751-9e313d50e492,58,51,-7,42.8,42.8,0,false,false,false,false,false,false
U10,moisturizer,balm_candidate_b,d2141a9d-3975-4d93-83f7-a4814c9c6a57,59,52,-7,42.7,42.7,0,false,false,false,false,false,false
U10,moisturizer,balm_candidate_b,4cbd41f3-1357-42c6-a6c7-6df0e90d54a7,60,53,-7,41.7,41.7,0,false,false,false,false,false,false
U10,moisturizer,balm_candidate_b,af70acaa-24b0-45eb-b82b-3c3b9f6d589f,61,54,-7,39.8,39.8,0,false,false,false,false,false,false
U10,sunscreen,sunscreen_completeness,25b2763f-529f-4b2e-a436-2e0776279c55,1,1,0,47.6,47.6,0,false,false,false,false,true,false
U10,sunscreen,sunscreen_completeness,57e4a5ec-115d-4322-85a1-7976db669700,2,2,0,45.4,45.4,0,false,false,false,false,true,false
U10,sunscreen,sunscreen_completeness,dc1ef3f3-db1b-4c3f-954a-b18343e3d9f3,3,3,0,42.5,42.5,0,false,false,false,false,true,false
U10,sunscreen,sunscreen_completeness,fdf06871-db8e-4e73-a48c-c057c5ce925d,4,4,0,38.3,38.3,0,false,false,false,false,true,false
U10,sunscreen,sunscreen_completeness,336bb533-0fe4-4380-8b9f-ab16fb24b807,5,5,0,37.3,37.3,0,false,false,false,false,true,false
U10,sunscreen,sunscreen_completeness,765b3ca1-6927-49b0-bee6-4138d03dd915,6,6,0,37.2,37.2,0,false,false,false,false,true,false
U10,sunscreen,sunscreen_completeness,9983f167-24e7-4223-bd86-446ce6ced31b,7,7,0,34.3,34.3,0,false,false,false,false,true,false
U10,sunscreen,sunscreen_completeness,0bb742d2-df6b-49a7-8e29-8f76ae62ac0d,8,8,0,29.6,29.6,0,false,false,false,false,true,false
U10,sunscreen,sunscreen_completeness,cbcd06a2-de29-47ca-afd1-ab1d5de93903,9,9,0,22.5,22.5,0,false,false,false,false,false,false
U10,sunscreen,sunscreen_completeness,dd326b18-ea56-45fb-8571-42186b6c9159,10,10,0,-2,-2,0,false,false,false,false,true,false
U10,sunscreen,sunscreen_completeness,2d3591f2-2216-4043-8493-a9492806ef8b,11,11,0,-2.4,-2.4,0,false,false,false,false,true,false
U11,cleanser,cleanser_structured_authority,0b59cb66-ab03-4a0d-815e-7a94a5c7ae65,1,1,0,45,45,0,false,false,false,false,false,false
U11,cleanser,cleanser_structured_authority,d4f64d02-6d35-435b-8269-b6ed7cd34bad,2,2,0,44.3,44.3,0,false,false,false,false,false,false
U11,cleanser,cleanser_structured_authority,15420430-2a68-49e2-ab53-716d9c4ff45e,3,3,0,43.8,43.8,0,false,false,false,false,false,false
U11,cleanser,cleanser_structured_authority,65a4be83-a9b7-4b1d-bd58-1b6e99cf66fc,4,4,0,43.1,43.1,0,false,false,false,false,false,false
U11,cleanser,cleanser_structured_authority,51d526de-b127-47c4-83f1-64fc1ec4aa10,5,5,0,38.7,38.7,0,false,false,false,false,false,false
U11,cleanser,cleanser_structured_authority,c8f78d00-85b9-4850-b464-e8a0d815b2d8,6,6,0,31.7,31.7,0,false,false,false,false,false,false
U11,cleanser,cleanser_structured_authority,50d8285d-9f90-4437-9427-ecc93e9fa055,7,7,0,29,29,0,false,false,false,false,false,false
U11,cleanser,cleanser_structured_authority,635aa0fd-aabb-495e-b68f-42b1135df544,8,8,0,26,26,0,false,false,false,false,false,false
U11,cleanser,cleanser_structured_authority,5448b8c3-cf87-4561-a699-3baf3dcb3dab,9,9,0,18.2,18.2,0,false,false,false,false,false,false
U11,cleanser,cleanser_structured_authority,8889342d-d9a2-454b-aa27-60d4934b9978,10,10,0,15.2,15.2,0,false,false,false,false,false,false
U11,cleanser,cleanser_structured_authority,f2a697ce-43d9-4a9a-b110-1f332bc29b50,11,11,0,14.1,14.1,0,false,false,false,false,false,false
U11,cleanser,cleanser_structured_authority,d0b4789c-bc0a-46e1-8317-ce498377333e,12,12,0,13.5,13.5,0,false,false,false,false,false,false
U11,cleanser,cleanser_structured_authority,b46ca581-7a4e-4cf1-b599-b9fdc026885d,13,13,0,11.3,11.3,0,false,false,false,false,false,false
U11,cleanser,cleanser_structured_authority,0bced9fe-aa08-4982-bb4a-03fb9ed509c1,14,14,0,10.2,10.2,0,false,false,false,false,false,false
U11,cleanser,cleanser_structured_authority,d7bb44e4-d585-41ca-8a74-04781470d1de,15,15,0,9.8,9.8,0,false,false,false,false,false,false
U11,cleanser,cleanser_structured_authority,e6c3f88c-6908-401f-83d1-a5164f1dd60a,16,16,0,9.4,9.4,0,false,false,false,false,false,false
U11,cleanser,cleanser_structured_authority,3f83bb85-cc53-4aa0-a0f0-e08535288749,17,17,0,8.8,8.8,0,false,false,false,false,false,false
U11,cleanser,cleanser_structured_authority,fbe265d2-8457-4c4f-96e2-7a08be0e5073,18,18,0,7.8,7.8,0,false,false,false,false,false,false
U11,cleanser,cleanser_structured_authority,2fddc273-d7ee-4034-a399-3bfd2cfcafd4,19,19,0,7.7,7.7,0,false,false,false,false,false,false
U11,cleanser,cleanser_structured_authority,63300ce0-9bb7-4ce5-98d5-5c59ae283cda,20,20,0,6,6,0,false,false,false,false,false,false
U11,cleanser,cleanser_structured_authority,009e0339-fa00-429e-a1c2-2a23eb4707f8,21,21,0,5.6,5.6,0,false,false,false,false,false,false
U11,cleanser,cleanser_structured_authority,0def9373-087e-4998-8ef1-7f4cbdac40e4,22,22,0,2.7,2.7,0,false,false,false,false,false,false
U11,cleanser,cleanser_structured_authority,cd3b66be-cddc-47e1-906f-a871dea84412,23,23,0,1.6,1.6,0,false,false,false,false,false,false
U11,cleanser,cleanser_structured_authority,6d560546-80f1-4ccf-9d2c-34023722d2a7,24,24,0,1.2,1.2,0,false,false,false,false,false,false
U11,cleanser,cleanser_structured_authority,cb04b777-9a57-4246-9431-3018638354db,25,25,0,-1.3,-1.3,0,false,false,false,false,false,false
U11,cleanser,cleanser_structured_authority,9d47de96-3227-494b-a8aa-2a4a3b7959d8,26,26,0,-11.9,-11.9,0,false,false,false,false,false,false
U11,moisturizer,balm_candidate_a,c2bb9ffd-f261-4f9b-91ed-23f6cea9ada1,1,,,79.5,79.5,0,true,false,true,true,false,false
U11,moisturizer,balm_candidate_a,c67266dd-3706-4929-9196-936d1f61cbc5,2,1,-1,79.3,79.3,0,false,false,true,true,false,false
U11,moisturizer,balm_candidate_a,8c2c12e7-2fa6-4230-bee6-958a4dc9dc97,3,,,77.3,77.3,0,true,false,true,true,false,false
U11,moisturizer,balm_candidate_a,b1f6b527-679f-48f3-9b58-5d28ec095f2f,4,2,-2,76.3,76.3,0,false,false,true,true,false,false
U11,moisturizer,balm_candidate_a,418e2bc1-7d6c-4334-9058-7af7ce159c6c,5,3,-2,76.2,76.2,0,false,false,true,true,false,false
U11,moisturizer,balm_candidate_a,637782f6-709e-45e3-a886-a279c142667d,6,,,75.7,75.7,0,true,false,true,true,false,false
U11,moisturizer,balm_candidate_a,36b7d8f7-eb23-4fdb-a510-99ad4b64eb0e,7,,,75.7,75.7,0,true,false,true,true,false,false
U11,moisturizer,balm_candidate_a,4aa41038-de5b-4125-97b0-a50e7575cc00,8,4,-4,75.7,75.7,0,false,false,true,true,false,false
U11,moisturizer,balm_candidate_a,06d1ad4b-2291-4b73-8bf4-f1f3c0226fea,9,5,-4,75.5,75.5,0,false,false,true,true,false,false
U11,moisturizer,balm_candidate_a,fd00be48-42e4-4db5-8838-e0820f147254,10,6,-4,75.1,75.1,0,false,false,true,true,false,false
U11,moisturizer,balm_candidate_a,e15a1f7e-29b3-49fd-aae4-297bf9ada4ed,11,7,-4,74.5,74.5,0,false,false,true,true,false,false
U11,moisturizer,balm_candidate_a,3e8c269e-17d8-47ec-a51d-9eada96461f4,12,,,74.4,74.4,0,true,false,true,true,false,false
U11,moisturizer,balm_candidate_a,ffbaebea-2515-4c5f-8403-cd9a56830ae4,13,8,-5,73.9,73.9,0,false,false,true,true,false,false
U11,moisturizer,balm_candidate_a,49a483f3-9232-4b58-a91b-ddb5ea2f973e,14,,,73.3,73.3,0,true,false,true,true,false,false
U11,moisturizer,balm_candidate_a,3fe73499-c2a9-4ee5-b4b5-6a60e07c6686,15,,,73.2,73.2,0,true,false,true,true,false,false
U11,moisturizer,balm_candidate_a,7a98b5e7-2c1f-441a-afee-dd1c592d95bc,16,9,-7,73.1,73.1,0,false,false,true,true,false,false
U11,moisturizer,balm_candidate_a,bd98f785-15c8-4800-af64-d39c3ad873a0,17,10,-7,72.9,72.9,0,false,false,true,true,false,false
U11,moisturizer,balm_candidate_a,b639c8b4-6a61-440e-b4db-fac7381593ff,18,11,-7,72.8,72.8,0,false,false,true,true,false,false
U11,moisturizer,balm_candidate_a,d5093dae-ce2f-4681-9811-2052e1779ff3,19,12,-7,72.5,72.5,0,false,false,true,true,false,false
U11,moisturizer,balm_candidate_a,37f18d02-adfd-4c72-b267-8e8facb1c5d1,20,13,-7,72.5,72.5,0,false,false,true,true,false,false
U11,moisturizer,balm_candidate_a,f0bea751-1439-4f32-b9e9-1e204c5dd64e,21,,,72.2,72.2,0,true,false,true,true,false,false
U11,moisturizer,balm_candidate_a,97deb2cc-2fae-4dbb-8253-03170e197002,22,14,-8,72.2,72.2,0,false,false,true,true,false,false
U11,moisturizer,balm_candidate_a,ae72c231-3629-4272-8c16-9ca4372e3985,23,15,-8,72.2,72.2,0,false,false,true,true,false,false
U11,moisturizer,balm_candidate_a,cd0022c9-a80e-4f57-876b-79e1cb311a15,24,,,71.8,71.8,0,true,false,true,true,false,false
U11,moisturizer,balm_candidate_a,d35a03e7-4974-4eef-ad9d-c2e909622c6c,25,,,70.4,70.4,0,true,false,true,true,false,false
U11,moisturizer,balm_candidate_a,93d11022-2b8c-4a72-a3a1-9f69655b9e91,26,16,-10,70.4,70.4,0,false,false,true,true,false,false
U11,moisturizer,balm_candidate_a,a59880f2-be88-4938-9958-254b87fd37ea,27,17,-10,70.3,70.3,0,false,false,true,true,false,false
U11,moisturizer,balm_candidate_a,9a98cc54-6238-4ed6-91d0-200f5203f46c,28,18,-10,69.9,69.9,0,false,false,true,true,false,false
U11,moisturizer,balm_candidate_a,2d52e270-0429-4c5f-89dd-5c608b92fe8c,29,19,-10,69.4,69.4,0,false,false,true,true,false,false
U11,moisturizer,balm_candidate_a,b72b0570-ee3f-4692-b45f-633b46ae3b64,30,,,69.3,69.3,0,true,false,true,true,false,false
U11,moisturizer,balm_candidate_a,615c6866-b1ea-48d3-adbe-fbe1831dc6f1,31,20,-11,69.1,69.1,0,false,false,true,true,false,false
U11,moisturizer,balm_candidate_a,7a58897d-bc51-47e8-ba8d-60322b5f8f3d,32,21,-11,68.9,68.9,0,false,false,true,true,false,false
U11,moisturizer,balm_candidate_a,ef252acf-cfe2-4b2b-a223-80064be88e52,33,22,-11,68.1,68.1,0,false,false,true,true,false,false
U11,moisturizer,balm_candidate_a,d4e752ca-81bb-49bf-b74d-03d388830f47,34,23,-11,68,68,0,false,false,true,true,false,false
U11,moisturizer,balm_candidate_a,65a4c320-4815-4488-b031-b0a06b4702ca,35,24,-11,67.7,67.7,0,false,false,true,true,false,false
U11,moisturizer,balm_candidate_a,4c7af697-1413-4b7d-a89e-6edd2bd5f40c,36,,,67.4,67.4,0,true,false,true,true,false,false
U11,moisturizer,balm_candidate_a,976c13ef-8ebd-4b69-acae-0d070f6cd590,37,25,-12,67.4,67.4,0,false,false,true,true,false,false
U11,moisturizer,balm_candidate_a,e4f25cfc-293d-47f8-8eea-70e4b0ec1c7b,38,26,-12,64.1,64.1,0,false,false,true,true,false,false
U11,moisturizer,balm_candidate_a,358bb655-d0e8-4bbf-93c0-58eea5b5d7ae,39,27,-12,61.3,61.3,0,false,false,true,true,false,false
U11,moisturizer,balm_candidate_a,5116d78d-0118-42b1-acc8-1ee384624725,40,28,-12,60.5,60.5,0,false,false,true,true,false,false
U11,moisturizer,balm_candidate_a,24103bd1-c7ba-4cc9-b9b9-8129c6452232,41,29,-12,59.9,59.9,0,false,false,true,true,false,false
U11,moisturizer,balm_candidate_a,de9fbe7f-e28b-4a8e-bbf6-536d3aa2a2c4,42,30,-12,59.4,59.4,0,false,false,true,true,false,false
U11,moisturizer,balm_candidate_a,5848640c-84ca-4079-9d9e-8f3113159fe1,43,31,-12,57.9,57.9,0,false,false,true,true,false,false
U11,moisturizer,balm_candidate_a,15b45c92-8b35-493a-8329-bc6b4ab5a53d,44,32,-12,56.8,56.8,0,false,false,true,true,false,false
U11,moisturizer,balm_candidate_a,3f12f933-9525-4ee1-80c5-257daf40d902,45,33,-12,56.3,56.3,0,false,false,true,true,false,false
U11,moisturizer,balm_candidate_a,d0319209-502b-4c85-be54-392600ff6b23,46,34,-12,55.7,55.7,0,false,false,true,true,false,false
U11,moisturizer,balm_candidate_a,03f5a72b-6c9a-4487-a3a9-39d1e6afa7bb,47,35,-12,52.3,52.3,0,false,false,true,true,false,false
U11,moisturizer,balm_candidate_a,7b4a237c-7f6e-4f18-a581-9d6fcad8f92e,48,,,49.7,49.7,0,true,false,true,true,false,false
U11,moisturizer,balm_candidate_a,deaacf29-585c-4e1b-a7c3-73a243e69c2e,49,36,-13,47.6,47.6,0,false,false,true,true,false,false
U11,moisturizer,balm_candidate_a,e8d1bb9d-1a8b-430b-a79d-79d16b18ce5e,50,37,-13,46.8,46.8,0,false,false,true,true,false,false
U11,moisturizer,balm_candidate_a,9e727419-40e6-4c61-b44c-609507b7b822,51,38,-13,46.7,46.7,0,false,false,true,true,false,false
U11,moisturizer,balm_candidate_a,47a8a197-40d4-41df-b1ed-7f85eb458a3d,52,39,-13,45.6,45.6,0,false,false,true,true,false,false
U11,moisturizer,balm_candidate_a,2ab9955d-9e7f-41fc-9751-9e313d50e492,53,40,-13,45,45,0,false,false,true,true,false,false
U11,moisturizer,balm_candidate_a,1f20944c-5a86-4748-8daf-7d57259ea6c0,54,41,-13,44.1,44.1,0,false,false,true,true,false,false
U11,moisturizer,balm_candidate_a,d2141a9d-3975-4d93-83f7-a4814c9c6a57,55,42,-13,40.7,40.7,0,false,false,true,true,false,false
U11,moisturizer,balm_candidate_a,173c63a8-a40d-4d1e-acb6-a7944d66ec43,56,43,-13,39.8,39.8,0,false,false,true,true,false,false
U11,moisturizer,balm_candidate_a,df3ab2f1-a4bf-46f9-aaff-df3665156b37,57,44,-13,39.1,39.1,0,false,false,true,true,false,false
U11,moisturizer,balm_candidate_a,1eb7b437-b527-44e4-b4c2-5d56dc26d2d3,58,45,-13,38.9,38.9,0,false,false,true,true,false,false
U11,moisturizer,balm_candidate_a,c7839904-2245-4a86-922c-4d59cf8df0b3,59,46,-13,38.2,38.2,0,false,false,true,true,false,false
U11,moisturizer,balm_candidate_a,4cbd41f3-1357-42c6-a6c7-6df0e90d54a7,60,47,-13,35.7,35.7,0,false,false,true,true,false,false
U11,moisturizer,balm_candidate_a,af70acaa-24b0-45eb-b82b-3c3b9f6d589f,61,48,-13,33.8,33.8,0,false,false,true,true,false,false
U11,moisturizer,balm_candidate_b,c2bb9ffd-f261-4f9b-91ed-23f6cea9ada1,1,,,79.5,79.5,0,true,false,true,true,false,false
U11,moisturizer,balm_candidate_b,c67266dd-3706-4929-9196-936d1f61cbc5,2,1,-1,79.3,79.3,0,false,false,true,true,false,false
U11,moisturizer,balm_candidate_b,8c2c12e7-2fa6-4230-bee6-958a4dc9dc97,3,2,-1,77.3,77.3,0,false,false,true,true,false,false
U11,moisturizer,balm_candidate_b,b1f6b527-679f-48f3-9b58-5d28ec095f2f,4,3,-1,76.3,76.3,0,false,false,true,true,false,false
U11,moisturizer,balm_candidate_b,418e2bc1-7d6c-4334-9058-7af7ce159c6c,5,4,-1,76.2,76.2,0,false,false,true,true,false,false
U11,moisturizer,balm_candidate_b,637782f6-709e-45e3-a886-a279c142667d,6,,,75.7,75.7,0,true,false,true,true,false,false
U11,moisturizer,balm_candidate_b,36b7d8f7-eb23-4fdb-a510-99ad4b64eb0e,7,,,75.7,75.7,0,true,false,true,true,false,false
U11,moisturizer,balm_candidate_b,4aa41038-de5b-4125-97b0-a50e7575cc00,8,5,-3,75.7,75.7,0,false,false,true,true,false,false
U11,moisturizer,balm_candidate_b,06d1ad4b-2291-4b73-8bf4-f1f3c0226fea,9,6,-3,75.5,75.5,0,false,false,true,true,false,false
U11,moisturizer,balm_candidate_b,fd00be48-42e4-4db5-8838-e0820f147254,10,7,-3,75.1,75.1,0,false,false,true,true,false,false
U11,moisturizer,balm_candidate_b,e15a1f7e-29b3-49fd-aae4-297bf9ada4ed,11,8,-3,74.5,74.5,0,false,false,true,true,false,false
U11,moisturizer,balm_candidate_b,3e8c269e-17d8-47ec-a51d-9eada96461f4,12,9,-3,74.4,74.4,0,false,false,true,true,false,false
U11,moisturizer,balm_candidate_b,ffbaebea-2515-4c5f-8403-cd9a56830ae4,13,10,-3,73.9,73.9,0,false,false,true,true,false,false
U11,moisturizer,balm_candidate_b,49a483f3-9232-4b58-a91b-ddb5ea2f973e,14,,,73.3,73.3,0,true,false,true,true,false,false
U11,moisturizer,balm_candidate_b,3fe73499-c2a9-4ee5-b4b5-6a60e07c6686,15,11,-4,73.2,73.2,0,false,false,true,true,false,false
U11,moisturizer,balm_candidate_b,7a98b5e7-2c1f-441a-afee-dd1c592d95bc,16,12,-4,73.1,73.1,0,false,false,true,true,false,false
U11,moisturizer,balm_candidate_b,bd98f785-15c8-4800-af64-d39c3ad873a0,17,13,-4,72.9,72.9,0,false,false,true,true,false,false
U11,moisturizer,balm_candidate_b,b639c8b4-6a61-440e-b4db-fac7381593ff,18,14,-4,72.8,72.8,0,false,false,true,true,false,false
U11,moisturizer,balm_candidate_b,d5093dae-ce2f-4681-9811-2052e1779ff3,19,15,-4,72.5,72.5,0,false,false,true,true,false,false
U11,moisturizer,balm_candidate_b,37f18d02-adfd-4c72-b267-8e8facb1c5d1,20,16,-4,72.5,72.5,0,false,false,true,true,false,false
U11,moisturizer,balm_candidate_b,f0bea751-1439-4f32-b9e9-1e204c5dd64e,21,17,-4,72.2,72.2,0,false,false,true,true,false,false
U11,moisturizer,balm_candidate_b,97deb2cc-2fae-4dbb-8253-03170e197002,22,18,-4,72.2,72.2,0,false,false,true,true,false,false
U11,moisturizer,balm_candidate_b,ae72c231-3629-4272-8c16-9ca4372e3985,23,19,-4,72.2,72.2,0,false,false,true,true,false,false
U11,moisturizer,balm_candidate_b,cd0022c9-a80e-4f57-876b-79e1cb311a15,24,20,-4,71.8,71.8,0,false,false,true,true,false,false
U11,moisturizer,balm_candidate_b,d35a03e7-4974-4eef-ad9d-c2e909622c6c,25,21,-4,70.4,70.4,0,false,false,true,true,false,false
U11,moisturizer,balm_candidate_b,93d11022-2b8c-4a72-a3a1-9f69655b9e91,26,22,-4,70.4,70.4,0,false,false,true,true,false,false
U11,moisturizer,balm_candidate_b,a59880f2-be88-4938-9958-254b87fd37ea,27,23,-4,70.3,70.3,0,false,false,true,true,false,false
U11,moisturizer,balm_candidate_b,9a98cc54-6238-4ed6-91d0-200f5203f46c,28,24,-4,69.9,69.9,0,false,false,true,true,false,false
U11,moisturizer,balm_candidate_b,2d52e270-0429-4c5f-89dd-5c608b92fe8c,29,25,-4,69.4,69.4,0,false,false,true,true,false,false
U11,moisturizer,balm_candidate_b,b72b0570-ee3f-4692-b45f-633b46ae3b64,30,,,69.3,69.3,0,true,false,true,true,false,false
U11,moisturizer,balm_candidate_b,615c6866-b1ea-48d3-adbe-fbe1831dc6f1,31,26,-5,69.1,69.1,0,false,false,true,true,false,false
U11,moisturizer,balm_candidate_b,7a58897d-bc51-47e8-ba8d-60322b5f8f3d,32,27,-5,68.9,68.9,0,false,false,true,true,false,false
U11,moisturizer,balm_candidate_b,ef252acf-cfe2-4b2b-a223-80064be88e52,33,28,-5,68.1,68.1,0,false,false,true,true,false,false
U11,moisturizer,balm_candidate_b,d4e752ca-81bb-49bf-b74d-03d388830f47,34,29,-5,68,68,0,false,false,true,true,false,false
U11,moisturizer,balm_candidate_b,65a4c320-4815-4488-b031-b0a06b4702ca,35,30,-5,67.7,67.7,0,false,false,true,true,false,false
U11,moisturizer,balm_candidate_b,4c7af697-1413-4b7d-a89e-6edd2bd5f40c,36,,,67.4,67.4,0,true,false,true,true,false,false
U11,moisturizer,balm_candidate_b,976c13ef-8ebd-4b69-acae-0d070f6cd590,37,31,-6,67.4,67.4,0,false,false,true,true,false,false
U11,moisturizer,balm_candidate_b,e4f25cfc-293d-47f8-8eea-70e4b0ec1c7b,38,32,-6,64.1,64.1,0,false,false,true,true,false,false
U11,moisturizer,balm_candidate_b,358bb655-d0e8-4bbf-93c0-58eea5b5d7ae,39,33,-6,61.3,61.3,0,false,false,true,true,false,false
U11,moisturizer,balm_candidate_b,5116d78d-0118-42b1-acc8-1ee384624725,40,34,-6,60.5,60.5,0,false,false,true,true,false,false
U11,moisturizer,balm_candidate_b,24103bd1-c7ba-4cc9-b9b9-8129c6452232,41,35,-6,59.9,59.9,0,false,false,true,true,false,false
U11,moisturizer,balm_candidate_b,de9fbe7f-e28b-4a8e-bbf6-536d3aa2a2c4,42,36,-6,59.4,59.4,0,false,false,true,true,false,false
U11,moisturizer,balm_candidate_b,5848640c-84ca-4079-9d9e-8f3113159fe1,43,37,-6,57.9,57.9,0,false,false,true,true,false,false
U11,moisturizer,balm_candidate_b,15b45c92-8b35-493a-8329-bc6b4ab5a53d,44,38,-6,56.8,56.8,0,false,false,true,true,false,false
U11,moisturizer,balm_candidate_b,3f12f933-9525-4ee1-80c5-257daf40d902,45,39,-6,56.3,56.3,0,false,false,true,true,false,false
U11,moisturizer,balm_candidate_b,d0319209-502b-4c85-be54-392600ff6b23,46,40,-6,55.7,55.7,0,false,false,true,true,false,false
U11,moisturizer,balm_candidate_b,03f5a72b-6c9a-4487-a3a9-39d1e6afa7bb,47,41,-6,52.3,52.3,0,false,false,true,true,false,false
U11,moisturizer,balm_candidate_b,7b4a237c-7f6e-4f18-a581-9d6fcad8f92e,48,,,49.7,49.7,0,true,false,true,true,false,false
U11,moisturizer,balm_candidate_b,deaacf29-585c-4e1b-a7c3-73a243e69c2e,49,42,-7,47.6,47.6,0,false,false,true,true,false,false
U11,moisturizer,balm_candidate_b,e8d1bb9d-1a8b-430b-a79d-79d16b18ce5e,50,43,-7,46.8,46.8,0,false,false,true,true,false,false
U11,moisturizer,balm_candidate_b,9e727419-40e6-4c61-b44c-609507b7b822,51,44,-7,46.7,46.7,0,false,false,true,true,false,false
U11,moisturizer,balm_candidate_b,47a8a197-40d4-41df-b1ed-7f85eb458a3d,52,45,-7,45.6,45.6,0,false,false,true,true,false,false
U11,moisturizer,balm_candidate_b,2ab9955d-9e7f-41fc-9751-9e313d50e492,53,46,-7,45,45,0,false,false,true,true,false,false
U11,moisturizer,balm_candidate_b,1f20944c-5a86-4748-8daf-7d57259ea6c0,54,47,-7,44.1,44.1,0,false,false,true,true,false,false
U11,moisturizer,balm_candidate_b,d2141a9d-3975-4d93-83f7-a4814c9c6a57,55,48,-7,40.7,40.7,0,false,false,true,true,false,false
U11,moisturizer,balm_candidate_b,173c63a8-a40d-4d1e-acb6-a7944d66ec43,56,49,-7,39.8,39.8,0,false,false,true,true,false,false
U11,moisturizer,balm_candidate_b,df3ab2f1-a4bf-46f9-aaff-df3665156b37,57,50,-7,39.1,39.1,0,false,false,true,true,false,false
U11,moisturizer,balm_candidate_b,1eb7b437-b527-44e4-b4c2-5d56dc26d2d3,58,51,-7,38.9,38.9,0,false,false,true,true,false,false
U11,moisturizer,balm_candidate_b,c7839904-2245-4a86-922c-4d59cf8df0b3,59,52,-7,38.2,38.2,0,false,false,true,true,false,false
U11,moisturizer,balm_candidate_b,4cbd41f3-1357-42c6-a6c7-6df0e90d54a7,60,53,-7,35.7,35.7,0,false,false,true,true,false,false
U11,moisturizer,balm_candidate_b,af70acaa-24b0-45eb-b82b-3c3b9f6d589f,61,54,-7,33.8,33.8,0,false,false,true,true,false,false
U11,sunscreen,sunscreen_completeness,25b2763f-529f-4b2e-a436-2e0776279c55,1,1,0,47.6,47.6,0,false,false,false,false,true,false
U11,sunscreen,sunscreen_completeness,57e4a5ec-115d-4322-85a1-7976db669700,2,2,0,45.4,45.4,0,false,false,false,false,true,false
U11,sunscreen,sunscreen_completeness,fdf06871-db8e-4e73-a48c-c057c5ce925d,3,3,0,38.5,38.5,0,false,false,false,false,true,false
U11,sunscreen,sunscreen_completeness,336bb533-0fe4-4380-8b9f-ab16fb24b807,4,4,0,37.5,37.5,0,false,false,false,false,true,false
U11,sunscreen,sunscreen_completeness,0bb742d2-df6b-49a7-8e29-8f76ae62ac0d,5,5,0,29.6,29.6,0,false,false,false,false,true,false
U11,sunscreen,sunscreen_completeness,dd326b18-ea56-45fb-8571-42186b6c9159,6,6,0,22.4,22.4,0,false,false,false,false,true,false
U11,sunscreen,sunscreen_completeness,2d3591f2-2216-4043-8493-a9492806ef8b,7,7,0,21.6,21.6,0,false,false,false,false,true,false
U11,sunscreen,sunscreen_completeness,dc1ef3f3-db1b-4c3f-954a-b18343e3d9f3,8,8,0,13.9,13.9,0,false,false,false,false,true,false
U11,sunscreen,sunscreen_completeness,765b3ca1-6927-49b0-bee6-4138d03dd915,9,9,0,13.2,13.2,0,false,false,false,false,true,false
U11,sunscreen,sunscreen_completeness,9983f167-24e7-4223-bd86-446ce6ced31b,10,10,0,10.5,10.5,0,false,false,false,false,true,false
U11,sunscreen,sunscreen_completeness,cbcd06a2-de29-47ca-afd1-ab1d5de93903,11,11,0,-1.5,-1.5,0,false,false,false,false,false,false
U12,cleanser,cleanser_structured_authority,c8f78d00-85b9-4850-b464-e8a0d815b2d8,1,1,0,15.4,15.4,0,false,false,false,false,false,false
U12,cleanser,cleanser_structured_authority,d4f64d02-6d35-435b-8269-b6ed7cd34bad,2,2,0,14.3,14.3,0,false,false,false,false,false,false
U12,cleanser,cleanser_structured_authority,15420430-2a68-49e2-ab53-716d9c4ff45e,3,3,0,14.2,14.2,0,false,false,false,false,false,false
U12,cleanser,cleanser_structured_authority,d7bb44e4-d585-41ca-8a74-04781470d1de,4,4,0,14.1,14.1,0,false,false,false,false,false,false
U12,cleanser,cleanser_structured_authority,0b59cb66-ab03-4a0d-815e-7a94a5c7ae65,5,5,0,12.9,12.9,0,false,false,false,false,false,false
U12,cleanser,cleanser_structured_authority,6d560546-80f1-4ccf-9d2c-34023722d2a7,6,6,0,12.7,12.7,0,false,false,false,false,false,false
U12,cleanser,cleanser_structured_authority,0def9373-087e-4998-8ef1-7f4cbdac40e4,7,7,0,12.7,12.7,0,false,false,false,false,false,false
U12,cleanser,cleanser_structured_authority,50d8285d-9f90-4437-9427-ecc93e9fa055,8,8,0,12,12,0,false,false,false,false,false,false
U12,cleanser,cleanser_structured_authority,cd3b66be-cddc-47e1-906f-a871dea84412,9,9,0,11.6,11.6,0,false,false,false,false,false,false
U12,cleanser,cleanser_structured_authority,8889342d-d9a2-454b-aa27-60d4934b9978,10,10,0,10.4,10.4,0,false,false,false,false,false,false
U12,cleanser,cleanser_structured_authority,65a4be83-a9b7-4b1d-bd58-1b6e99cf66fc,11,11,0,10.3,10.3,0,false,false,false,false,false,false
U12,cleanser,cleanser_structured_authority,635aa0fd-aabb-495e-b68f-42b1135df544,12,12,0,9.8,9.8,0,false,false,false,false,false,false
U12,cleanser,cleanser_structured_authority,5448b8c3-cf87-4561-a699-3baf3dcb3dab,13,13,0,9.5,9.5,0,false,false,false,false,false,false
U12,cleanser,cleanser_structured_authority,d0b4789c-bc0a-46e1-8317-ce498377333e,14,14,0,6,6,0,false,false,false,false,false,false
U12,cleanser,cleanser_structured_authority,51d526de-b127-47c4-83f1-64fc1ec4aa10,15,15,0,5,5,0,false,false,false,false,false,false
U12,cleanser,cleanser_structured_authority,cb04b777-9a57-4246-9431-3018638354db,16,16,0,3.5,3.5,0,false,false,false,false,false,false
U12,cleanser,cleanser_structured_authority,b46ca581-7a4e-4cf1-b599-b9fdc026885d,17,17,0,3.3,3.3,0,false,false,false,false,false,false
U12,cleanser,cleanser_structured_authority,3f83bb85-cc53-4aa0-a0f0-e08535288749,18,18,0,3.3,3.3,0,false,false,false,false,false,false
U12,cleanser,cleanser_structured_authority,f2a697ce-43d9-4a9a-b110-1f332bc29b50,19,19,0,3.1,3.1,0,false,false,false,false,false,false
U12,cleanser,cleanser_structured_authority,fbe265d2-8457-4c4f-96e2-7a08be0e5073,20,20,0,2.8,2.8,0,false,false,false,false,false,false
U12,cleanser,cleanser_structured_authority,0bced9fe-aa08-4982-bb4a-03fb9ed509c1,21,21,0,2.5,2.5,0,false,false,false,false,false,false
U12,cleanser,cleanser_structured_authority,e6c3f88c-6908-401f-83d1-a5164f1dd60a,22,22,0,2.4,2.4,0,false,false,false,false,false,false
U12,cleanser,cleanser_structured_authority,2fddc273-d7ee-4034-a399-3bfd2cfcafd4,23,23,0,0.6,0.6,0,false,false,false,false,false,false
U12,cleanser,cleanser_structured_authority,63300ce0-9bb7-4ce5-98d5-5c59ae283cda,24,24,0,-0.1,-0.1,0,false,false,false,false,false,false
U12,cleanser,cleanser_structured_authority,009e0339-fa00-429e-a1c2-2a23eb4707f8,25,25,0,-2.5,-2.5,0,false,false,false,false,false,false
U12,cleanser,cleanser_structured_authority,9d47de96-3227-494b-a8aa-2a4a3b7959d8,26,26,0,-6.3,-6.3,0,false,false,false,false,false,false
U12,moisturizer,balm_candidate_a,c67266dd-3706-4929-9196-936d1f61cbc5,1,1,0,18.2,18.2,0,false,false,false,false,false,false
U12,moisturizer,balm_candidate_a,c7839904-2245-4a86-922c-4d59cf8df0b3,2,2,0,17.2,17.2,0,false,false,false,false,false,false
U12,moisturizer,balm_candidate_a,b1f6b527-679f-48f3-9b58-5d28ec095f2f,3,3,0,16,16,0,false,false,false,false,false,false
U12,moisturizer,balm_candidate_a,173c63a8-a40d-4d1e-acb6-a7944d66ec43,4,4,0,15,15,0,false,false,false,false,false,false
U12,moisturizer,balm_candidate_a,3fe73499-c2a9-4ee5-b4b5-6a60e07c6686,5,,,14.5,14.5,0,true,false,false,false,false,false
U12,moisturizer,balm_candidate_a,1eb7b437-b527-44e4-b4c2-5d56dc26d2d3,6,5,-1,14.5,14.5,0,false,false,false,false,false,false
U12,moisturizer,balm_candidate_a,bd98f785-15c8-4800-af64-d39c3ad873a0,7,6,-1,14.1,14.1,0,false,false,false,false,false,false
U12,moisturizer,balm_candidate_a,3f12f933-9525-4ee1-80c5-257daf40d902,8,7,-1,13.7,13.7,0,false,false,false,false,false,false
U12,moisturizer,balm_candidate_a,47a8a197-40d4-41df-b1ed-7f85eb458a3d,9,8,-1,13.6,13.6,0,false,false,false,false,false,false
U12,moisturizer,balm_candidate_a,7b4a237c-7f6e-4f18-a581-9d6fcad8f92e,10,,,13.5,13.5,0,true,false,false,false,false,false
U12,moisturizer,balm_candidate_a,24103bd1-c7ba-4cc9-b9b9-8129c6452232,11,9,-2,13.5,13.5,0,false,false,false,false,false,false
U12,moisturizer,balm_candidate_a,b72b0570-ee3f-4692-b45f-633b46ae3b64,12,,,13.4,13.4,0,true,false,false,false,false,false
U12,moisturizer,balm_candidate_a,df3ab2f1-a4bf-46f9-aaff-df3665156b37,13,10,-3,13.2,13.2,0,false,false,false,false,false,false
U12,moisturizer,balm_candidate_a,a59880f2-be88-4938-9958-254b87fd37ea,14,11,-3,13.1,13.1,0,false,false,false,false,false,false
U12,moisturizer,balm_candidate_a,97deb2cc-2fae-4dbb-8253-03170e197002,15,12,-3,12.8,12.8,0,false,false,false,false,false,false
U12,moisturizer,balm_candidate_a,ae72c231-3629-4272-8c16-9ca4372e3985,16,13,-3,12.7,12.7,0,false,false,false,false,false,false
U12,moisturizer,balm_candidate_a,9a98cc54-6238-4ed6-91d0-200f5203f46c,17,14,-3,12.2,12.2,0,false,false,false,false,false,false
U12,moisturizer,balm_candidate_a,d0319209-502b-4c85-be54-392600ff6b23,18,15,-3,12,12,0,false,false,false,false,false,false
U12,moisturizer,balm_candidate_a,d2141a9d-3975-4d93-83f7-a4814c9c6a57,19,16,-3,11.8,11.8,0,false,false,false,false,false,false
U12,moisturizer,balm_candidate_a,65a4c320-4815-4488-b031-b0a06b4702ca,20,17,-3,11.7,11.7,0,false,false,false,false,false,false
U12,moisturizer,balm_candidate_a,d4e752ca-81bb-49bf-b74d-03d388830f47,21,18,-3,11.2,11.2,0,false,false,false,false,false,false
U12,moisturizer,balm_candidate_a,7a58897d-bc51-47e8-ba8d-60322b5f8f3d,22,19,-3,11.1,11.1,0,false,false,false,false,false,false
U12,moisturizer,balm_candidate_a,de9fbe7f-e28b-4a8e-bbf6-536d3aa2a2c4,23,20,-3,10.9,10.9,0,false,false,false,false,false,false
U12,moisturizer,balm_candidate_a,deaacf29-585c-4e1b-a7c3-73a243e69c2e,24,21,-3,10.9,10.9,0,false,false,false,false,false,false
U12,moisturizer,balm_candidate_a,03f5a72b-6c9a-4487-a3a9-39d1e6afa7bb,25,22,-3,10.6,10.6,0,false,false,false,false,false,false
U12,moisturizer,balm_candidate_a,c2bb9ffd-f261-4f9b-91ed-23f6cea9ada1,26,,,10.6,10.6,0,true,false,false,false,false,false
U12,moisturizer,balm_candidate_a,b639c8b4-6a61-440e-b4db-fac7381593ff,27,23,-4,10.5,10.5,0,false,false,false,false,false,false
U12,moisturizer,balm_candidate_a,e8d1bb9d-1a8b-430b-a79d-79d16b18ce5e,28,24,-4,10.1,10.1,0,false,false,false,false,false,false
U12,moisturizer,balm_candidate_a,15b45c92-8b35-493a-8329-bc6b4ab5a53d,29,25,-4,9.5,9.5,0,false,false,false,false,false,false
U12,moisturizer,balm_candidate_a,5848640c-84ca-4079-9d9e-8f3113159fe1,30,26,-4,9.3,9.3,0,false,false,false,false,false,false
U12,moisturizer,balm_candidate_a,615c6866-b1ea-48d3-adbe-fbe1831dc6f1,31,27,-4,9.2,9.2,0,false,false,false,false,false,false
U12,moisturizer,balm_candidate_a,4cbd41f3-1357-42c6-a6c7-6df0e90d54a7,32,28,-4,9,9,0,false,false,false,false,false,false
U12,moisturizer,balm_candidate_a,e4f25cfc-293d-47f8-8eea-70e4b0ec1c7b,33,29,-4,8.7,8.7,0,false,false,false,false,false,false
U12,moisturizer,balm_candidate_a,1f20944c-5a86-4748-8daf-7d57259ea6c0,34,30,-4,8.6,8.6,0,false,false,false,false,false,false
U12,moisturizer,balm_candidate_a,358bb655-d0e8-4bbf-93c0-58eea5b5d7ae,35,31,-4,8.5,8.5,0,false,false,false,false,false,false
U12,moisturizer,balm_candidate_a,ffbaebea-2515-4c5f-8403-cd9a56830ae4,36,32,-4,8.5,8.5,0,false,false,false,false,false,false
U12,moisturizer,balm_candidate_a,37f18d02-adfd-4c72-b267-8e8facb1c5d1,37,33,-4,8.5,8.5,0,false,false,false,false,false,false
U12,moisturizer,balm_candidate_a,fd00be48-42e4-4db5-8838-e0820f147254,38,34,-4,8.4,8.4,0,false,false,false,false,false,false
U12,moisturizer,balm_candidate_a,418e2bc1-7d6c-4334-9058-7af7ce159c6c,39,35,-4,7.8,7.8,0,false,false,false,false,false,false
U12,moisturizer,balm_candidate_a,93d11022-2b8c-4a72-a3a1-9f69655b9e91,40,36,-4,7.5,7.5,0,false,false,false,false,false,false
U12,moisturizer,balm_candidate_a,06d1ad4b-2291-4b73-8bf4-f1f3c0226fea,41,37,-4,7.5,7.5,0,false,false,false,false,false,false
U12,moisturizer,balm_candidate_a,e15a1f7e-29b3-49fd-aae4-297bf9ada4ed,42,38,-4,7.5,7.5,0,false,false,false,false,false,false
U12,moisturizer,balm_candidate_a,d5093dae-ce2f-4681-9811-2052e1779ff3,43,39,-4,7.3,7.3,0,false,false,false,false,false,false
U12,moisturizer,balm_candidate_a,af70acaa-24b0-45eb-b82b-3c3b9f6d589f,44,40,-4,7.1,7.1,0,false,false,false,false,false,false
U12,moisturizer,balm_candidate_a,4c7af697-1413-4b7d-a89e-6edd2bd5f40c,45,,,6.9,6.9,0,true,false,false,false,false,false
U12,moisturizer,balm_candidate_a,9e727419-40e6-4c61-b44c-609507b7b822,46,41,-5,6.3,6.3,0,false,false,false,false,false,false
U12,moisturizer,balm_candidate_a,5116d78d-0118-42b1-acc8-1ee384624725,47,42,-5,5.9,5.9,0,false,false,false,false,false,false
U12,moisturizer,balm_candidate_a,637782f6-709e-45e3-a886-a279c142667d,48,,,5.7,5.7,0,true,false,false,false,false,false
U12,moisturizer,balm_candidate_a,2d52e270-0429-4c5f-89dd-5c608b92fe8c,49,43,-6,5.6,5.6,0,false,false,false,false,false,false
U12,moisturizer,balm_candidate_a,ef252acf-cfe2-4b2b-a223-80064be88e52,50,44,-6,5.6,5.6,0,false,false,false,false,false,false
U12,moisturizer,balm_candidate_a,3e8c269e-17d8-47ec-a51d-9eada96461f4,51,,,5.5,5.5,0,true,false,false,false,false,false
U12,moisturizer,balm_candidate_a,36b7d8f7-eb23-4fdb-a510-99ad4b64eb0e,52,,,5.5,5.5,0,true,false,false,false,false,false
U12,moisturizer,balm_candidate_a,7a98b5e7-2c1f-441a-afee-dd1c592d95bc,53,45,-8,5.3,5.3,0,false,false,false,false,false,false
U12,moisturizer,balm_candidate_a,4aa41038-de5b-4125-97b0-a50e7575cc00,54,46,-8,5.2,5.2,0,false,false,false,false,false,false
U12,moisturizer,balm_candidate_a,cd0022c9-a80e-4f57-876b-79e1cb311a15,55,,,4.7,4.7,0,true,false,false,false,false,false
U12,moisturizer,balm_candidate_a,49a483f3-9232-4b58-a91b-ddb5ea2f973e,56,,,3.8,3.8,0,true,false,false,false,false,false
U12,moisturizer,balm_candidate_a,976c13ef-8ebd-4b69-acae-0d070f6cd590,57,47,-10,3.3,3.3,0,false,false,false,false,false,false
U12,moisturizer,balm_candidate_a,8c2c12e7-2fa6-4230-bee6-958a4dc9dc97,58,,,2.9,2.9,0,true,false,false,false,false,false
U12,moisturizer,balm_candidate_a,d35a03e7-4974-4eef-ad9d-c2e909622c6c,59,,,1.8,1.8,0,true,false,false,false,false,false
U12,moisturizer,balm_candidate_a,f0bea751-1439-4f32-b9e9-1e204c5dd64e,60,,,1.5,1.5,0,true,false,false,false,false,false
U12,moisturizer,balm_candidate_a,2ab9955d-9e7f-41fc-9751-9e313d50e492,61,48,-13,0.5,0.5,0,false,false,false,false,false,false
U12,moisturizer,balm_candidate_b,c67266dd-3706-4929-9196-936d1f61cbc5,1,1,0,18.2,18.2,0,false,false,false,false,false,false
U12,moisturizer,balm_candidate_b,c7839904-2245-4a86-922c-4d59cf8df0b3,2,2,0,17.2,17.2,0,false,false,false,false,false,false
U12,moisturizer,balm_candidate_b,b1f6b527-679f-48f3-9b58-5d28ec095f2f,3,3,0,16,16,0,false,false,false,false,false,false
U12,moisturizer,balm_candidate_b,173c63a8-a40d-4d1e-acb6-a7944d66ec43,4,4,0,15,15,0,false,false,false,false,false,false
U12,moisturizer,balm_candidate_b,3fe73499-c2a9-4ee5-b4b5-6a60e07c6686,5,5,0,14.5,14.5,0,false,false,false,false,false,false
U12,moisturizer,balm_candidate_b,1eb7b437-b527-44e4-b4c2-5d56dc26d2d3,6,6,0,14.5,14.5,0,false,false,false,false,false,false
U12,moisturizer,balm_candidate_b,bd98f785-15c8-4800-af64-d39c3ad873a0,7,7,0,14.1,14.1,0,false,false,false,false,false,false
U12,moisturizer,balm_candidate_b,3f12f933-9525-4ee1-80c5-257daf40d902,8,8,0,13.7,13.7,0,false,false,false,false,false,false
U12,moisturizer,balm_candidate_b,47a8a197-40d4-41df-b1ed-7f85eb458a3d,9,9,0,13.6,13.6,0,false,false,false,false,false,false
U12,moisturizer,balm_candidate_b,7b4a237c-7f6e-4f18-a581-9d6fcad8f92e,10,,,13.5,13.5,0,true,false,false,false,false,false
U12,moisturizer,balm_candidate_b,24103bd1-c7ba-4cc9-b9b9-8129c6452232,11,10,-1,13.5,13.5,0,false,false,false,false,false,false
U12,moisturizer,balm_candidate_b,b72b0570-ee3f-4692-b45f-633b46ae3b64,12,,,13.4,13.4,0,true,false,false,false,false,false
U12,moisturizer,balm_candidate_b,df3ab2f1-a4bf-46f9-aaff-df3665156b37,13,11,-2,13.2,13.2,0,false,false,false,false,false,false
U12,moisturizer,balm_candidate_b,a59880f2-be88-4938-9958-254b87fd37ea,14,12,-2,13.1,13.1,0,false,false,false,false,false,false
U12,moisturizer,balm_candidate_b,97deb2cc-2fae-4dbb-8253-03170e197002,15,13,-2,12.8,12.8,0,false,false,false,false,false,false
U12,moisturizer,balm_candidate_b,ae72c231-3629-4272-8c16-9ca4372e3985,16,14,-2,12.7,12.7,0,false,false,false,false,false,false
U12,moisturizer,balm_candidate_b,9a98cc54-6238-4ed6-91d0-200f5203f46c,17,15,-2,12.2,12.2,0,false,false,false,false,false,false
U12,moisturizer,balm_candidate_b,d0319209-502b-4c85-be54-392600ff6b23,18,16,-2,12,12,0,false,false,false,false,false,false
U12,moisturizer,balm_candidate_b,d2141a9d-3975-4d93-83f7-a4814c9c6a57,19,17,-2,11.8,11.8,0,false,false,false,false,false,false
U12,moisturizer,balm_candidate_b,65a4c320-4815-4488-b031-b0a06b4702ca,20,18,-2,11.7,11.7,0,false,false,false,false,false,false
U12,moisturizer,balm_candidate_b,d4e752ca-81bb-49bf-b74d-03d388830f47,21,19,-2,11.2,11.2,0,false,false,false,false,false,false
U12,moisturizer,balm_candidate_b,7a58897d-bc51-47e8-ba8d-60322b5f8f3d,22,20,-2,11.1,11.1,0,false,false,false,false,false,false
U12,moisturizer,balm_candidate_b,de9fbe7f-e28b-4a8e-bbf6-536d3aa2a2c4,23,21,-2,10.9,10.9,0,false,false,false,false,false,false
U12,moisturizer,balm_candidate_b,deaacf29-585c-4e1b-a7c3-73a243e69c2e,24,22,-2,10.9,10.9,0,false,false,false,false,false,false
U12,moisturizer,balm_candidate_b,03f5a72b-6c9a-4487-a3a9-39d1e6afa7bb,25,23,-2,10.6,10.6,0,false,false,false,false,false,false
U12,moisturizer,balm_candidate_b,c2bb9ffd-f261-4f9b-91ed-23f6cea9ada1,26,,,10.6,10.6,0,true,false,false,false,false,false
U12,moisturizer,balm_candidate_b,b639c8b4-6a61-440e-b4db-fac7381593ff,27,24,-3,10.5,10.5,0,false,false,false,false,false,false
U12,moisturizer,balm_candidate_b,e8d1bb9d-1a8b-430b-a79d-79d16b18ce5e,28,25,-3,10.1,10.1,0,false,false,false,false,false,false
U12,moisturizer,balm_candidate_b,15b45c92-8b35-493a-8329-bc6b4ab5a53d,29,26,-3,9.5,9.5,0,false,false,false,false,false,false
U12,moisturizer,balm_candidate_b,5848640c-84ca-4079-9d9e-8f3113159fe1,30,27,-3,9.3,9.3,0,false,false,false,false,false,false
U12,moisturizer,balm_candidate_b,615c6866-b1ea-48d3-adbe-fbe1831dc6f1,31,28,-3,9.2,9.2,0,false,false,false,false,false,false
U12,moisturizer,balm_candidate_b,4cbd41f3-1357-42c6-a6c7-6df0e90d54a7,32,29,-3,9,9,0,false,false,false,false,false,false
U12,moisturizer,balm_candidate_b,e4f25cfc-293d-47f8-8eea-70e4b0ec1c7b,33,30,-3,8.7,8.7,0,false,false,false,false,false,false
U12,moisturizer,balm_candidate_b,1f20944c-5a86-4748-8daf-7d57259ea6c0,34,31,-3,8.6,8.6,0,false,false,false,false,false,false
U12,moisturizer,balm_candidate_b,358bb655-d0e8-4bbf-93c0-58eea5b5d7ae,35,32,-3,8.5,8.5,0,false,false,false,false,false,false
U12,moisturizer,balm_candidate_b,ffbaebea-2515-4c5f-8403-cd9a56830ae4,36,33,-3,8.5,8.5,0,false,false,false,false,false,false
U12,moisturizer,balm_candidate_b,37f18d02-adfd-4c72-b267-8e8facb1c5d1,37,34,-3,8.5,8.5,0,false,false,false,false,false,false
U12,moisturizer,balm_candidate_b,fd00be48-42e4-4db5-8838-e0820f147254,38,35,-3,8.4,8.4,0,false,false,false,false,false,false
U12,moisturizer,balm_candidate_b,418e2bc1-7d6c-4334-9058-7af7ce159c6c,39,36,-3,7.8,7.8,0,false,false,false,false,false,false
U12,moisturizer,balm_candidate_b,93d11022-2b8c-4a72-a3a1-9f69655b9e91,40,37,-3,7.5,7.5,0,false,false,false,false,false,false
U12,moisturizer,balm_candidate_b,06d1ad4b-2291-4b73-8bf4-f1f3c0226fea,41,38,-3,7.5,7.5,0,false,false,false,false,false,false
U12,moisturizer,balm_candidate_b,e15a1f7e-29b3-49fd-aae4-297bf9ada4ed,42,39,-3,7.5,7.5,0,false,false,false,false,false,false
U12,moisturizer,balm_candidate_b,d5093dae-ce2f-4681-9811-2052e1779ff3,43,40,-3,7.3,7.3,0,false,false,false,false,false,false
U12,moisturizer,balm_candidate_b,af70acaa-24b0-45eb-b82b-3c3b9f6d589f,44,41,-3,7.1,7.1,0,false,false,false,false,false,false
U12,moisturizer,balm_candidate_b,4c7af697-1413-4b7d-a89e-6edd2bd5f40c,45,,,6.9,6.9,0,true,false,false,false,false,false
U12,moisturizer,balm_candidate_b,9e727419-40e6-4c61-b44c-609507b7b822,46,42,-4,6.3,6.3,0,false,false,false,false,false,false
U12,moisturizer,balm_candidate_b,5116d78d-0118-42b1-acc8-1ee384624725,47,43,-4,5.9,5.9,0,false,false,false,false,false,false
U12,moisturizer,balm_candidate_b,637782f6-709e-45e3-a886-a279c142667d,48,,,5.7,5.7,0,true,false,false,false,false,false
U12,moisturizer,balm_candidate_b,2d52e270-0429-4c5f-89dd-5c608b92fe8c,49,44,-5,5.6,5.6,0,false,false,false,false,false,false
U12,moisturizer,balm_candidate_b,ef252acf-cfe2-4b2b-a223-80064be88e52,50,45,-5,5.6,5.6,0,false,false,false,false,false,false
U12,moisturizer,balm_candidate_b,3e8c269e-17d8-47ec-a51d-9eada96461f4,51,46,-5,5.5,5.5,0,false,false,false,false,false,false
U12,moisturizer,balm_candidate_b,36b7d8f7-eb23-4fdb-a510-99ad4b64eb0e,52,,,5.5,5.5,0,true,false,false,false,false,false
U12,moisturizer,balm_candidate_b,7a98b5e7-2c1f-441a-afee-dd1c592d95bc,53,47,-6,5.3,5.3,0,false,false,false,false,false,false
U12,moisturizer,balm_candidate_b,4aa41038-de5b-4125-97b0-a50e7575cc00,54,48,-6,5.2,5.2,0,false,false,false,false,false,false
U12,moisturizer,balm_candidate_b,cd0022c9-a80e-4f57-876b-79e1cb311a15,55,49,-6,4.7,4.7,0,false,false,false,false,false,false
U12,moisturizer,balm_candidate_b,49a483f3-9232-4b58-a91b-ddb5ea2f973e,56,,,3.8,3.8,0,true,false,false,false,false,false
U12,moisturizer,balm_candidate_b,976c13ef-8ebd-4b69-acae-0d070f6cd590,57,50,-7,3.3,3.3,0,false,false,false,false,false,false
U12,moisturizer,balm_candidate_b,8c2c12e7-2fa6-4230-bee6-958a4dc9dc97,58,51,-7,2.9,2.9,0,false,false,false,false,false,false
U12,moisturizer,balm_candidate_b,d35a03e7-4974-4eef-ad9d-c2e909622c6c,59,52,-7,1.8,1.8,0,false,false,false,false,false,false
U12,moisturizer,balm_candidate_b,f0bea751-1439-4f32-b9e9-1e204c5dd64e,60,53,-7,1.5,1.5,0,false,false,false,false,false,false
U12,moisturizer,balm_candidate_b,2ab9955d-9e7f-41fc-9751-9e313d50e492,61,54,-7,0.5,0.5,0,false,false,false,false,false,false
U12,sunscreen,sunscreen_completeness,dc1ef3f3-db1b-4c3f-954a-b18343e3d9f3,1,1,0,75.6,75.6,0,false,false,false,false,true,false
U12,sunscreen,sunscreen_completeness,cbcd06a2-de29-47ca-afd1-ab1d5de93903,2,2,0,70.8,70.8,0,false,false,false,false,false,false
U12,sunscreen,sunscreen_completeness,9983f167-24e7-4223-bd86-446ce6ced31b,3,3,0,70.1,70.1,0,false,false,false,false,true,false
U12,sunscreen,sunscreen_completeness,0bb742d2-df6b-49a7-8e29-8f76ae62ac0d,4,4,0,66.9,66.9,0,false,false,false,false,true,false
U12,sunscreen,sunscreen_completeness,765b3ca1-6927-49b0-bee6-4138d03dd915,5,5,0,59.9,59.9,0,false,false,false,false,true,false
U12,sunscreen,sunscreen_completeness,336bb533-0fe4-4380-8b9f-ab16fb24b807,6,6,0,59.9,59.9,0,false,false,false,false,true,false
U12,sunscreen,sunscreen_completeness,fdf06871-db8e-4e73-a48c-c057c5ce925d,7,7,0,59.3,59.3,0,false,false,false,false,true,false
U12,sunscreen,sunscreen_completeness,25b2763f-529f-4b2e-a436-2e0776279c55,8,8,0,57.1,57.1,0,false,false,false,false,true,false
U12,sunscreen,sunscreen_completeness,57e4a5ec-115d-4322-85a1-7976db669700,9,9,0,54.7,54.7,0,false,false,false,false,true,false
U12,sunscreen,sunscreen_completeness,dd326b18-ea56-45fb-8571-42186b6c9159,10,10,0,45.7,45.7,0,false,false,false,false,true,false
U12,sunscreen,sunscreen_completeness,2d3591f2-2216-4043-8493-a9492806ef8b,11,11,0,32.5,32.5,0,false,false,false,false,true,false
U2,cleanser,cleanser_structured_authority,0def9373-087e-4998-8ef1-7f4cbdac40e4,1,1,0,39.4,39.4,0,false,false,false,false,false,false
U2,cleanser,cleanser_structured_authority,cd3b66be-cddc-47e1-906f-a871dea84412,2,2,0,38,38,0,false,false,false,false,false,false
U2,cleanser,cleanser_structured_authority,c8f78d00-85b9-4850-b464-e8a0d815b2d8,3,3,0,32.9,32.9,0,false,false,false,false,false,false
U2,cleanser,cleanser_structured_authority,cb04b777-9a57-4246-9431-3018638354db,4,4,0,32.5,32.5,0,false,false,false,false,false,false
U2,cleanser,cleanser_structured_authority,50d8285d-9f90-4437-9427-ecc93e9fa055,5,5,0,30.3,30.3,0,false,false,false,false,false,false
U2,cleanser,cleanser_structured_authority,635aa0fd-aabb-495e-b68f-42b1135df544,6,6,0,28.1,28.1,0,false,false,false,false,false,false
U2,cleanser,cleanser_structured_authority,6d560546-80f1-4ccf-9d2c-34023722d2a7,7,7,0,27.4,27.4,0,false,false,false,false,false,false
U2,cleanser,cleanser_structured_authority,d7bb44e4-d585-41ca-8a74-04781470d1de,8,8,0,27.4,27.4,0,false,false,false,false,false,false
U2,cleanser,cleanser_structured_authority,9d47de96-3227-494b-a8aa-2a4a3b7959d8,9,9,0,23.5,23.5,0,false,false,false,false,false,false
U2,cleanser,cleanser_structured_authority,5448b8c3-cf87-4561-a699-3baf3dcb3dab,10,10,0,20.9,20.9,0,false,false,false,false,false,false
U2,cleanser,cleanser_structured_authority,8889342d-d9a2-454b-aa27-60d4934b9978,11,11,0,20.8,20.8,0,false,false,false,false,false,false
U2,cleanser,cleanser_structured_authority,0b59cb66-ab03-4a0d-815e-7a94a5c7ae65,12,12,0,16,16,0,false,false,false,false,false,false
U2,cleanser,cleanser_structured_authority,f2a697ce-43d9-4a9a-b110-1f332bc29b50,13,13,0,14.7,14.7,0,false,false,false,false,false,false
U2,cleanser,cleanser_structured_authority,15420430-2a68-49e2-ab53-716d9c4ff45e,14,14,0,14.3,14.3,0,false,false,false,false,false,false
U2,cleanser,cleanser_structured_authority,0bced9fe-aa08-4982-bb4a-03fb9ed509c1,15,15,0,14.1,14.1,0,false,false,false,false,false,false
U2,cleanser,cleanser_structured_authority,3f83bb85-cc53-4aa0-a0f0-e08535288749,16,16,0,13.5,13.5,0,false,false,false,false,false,false
U2,cleanser,cleanser_structured_authority,fbe265d2-8457-4c4f-96e2-7a08be0e5073,17,17,0,13.5,13.5,0,false,false,false,false,false,false
U2,cleanser,cleanser_structured_authority,d4f64d02-6d35-435b-8269-b6ed7cd34bad,18,18,0,13.5,13.5,0,false,false,false,false,false,false
U2,cleanser,cleanser_structured_authority,b46ca581-7a4e-4cf1-b599-b9fdc026885d,19,19,0,13.3,13.3,0,false,false,false,false,false,false
U2,cleanser,cleanser_structured_authority,65a4be83-a9b7-4b1d-bd58-1b6e99cf66fc,20,20,0,13,13,0,false,false,false,false,false,false
U2,cleanser,cleanser_structured_authority,51d526de-b127-47c4-83f1-64fc1ec4aa10,21,21,0,12.9,12.9,0,false,false,false,false,false,false
U2,cleanser,cleanser_structured_authority,e6c3f88c-6908-401f-83d1-a5164f1dd60a,22,22,0,12.4,12.4,0,false,false,false,false,false,false
U2,cleanser,cleanser_structured_authority,2fddc273-d7ee-4034-a399-3bfd2cfcafd4,23,23,0,10.3,10.3,0,false,false,false,false,false,false
U2,cleanser,cleanser_structured_authority,63300ce0-9bb7-4ce5-98d5-5c59ae283cda,24,24,0,10,10,0,false,false,false,false,false,false
U2,cleanser,cleanser_structured_authority,d0b4789c-bc0a-46e1-8317-ce498377333e,25,25,0,9.9,9.9,0,false,false,false,false,false,false
U2,cleanser,cleanser_structured_authority,009e0339-fa00-429e-a1c2-2a23eb4707f8,26,26,0,8.2,8.2,0,false,false,false,false,false,false
U2,moisturizer,balm_candidate_a,173c63a8-a40d-4d1e-acb6-a7944d66ec43,1,1,0,75,75,0,false,false,false,false,false,false
U2,moisturizer,balm_candidate_a,af70acaa-24b0-45eb-b82b-3c3b9f6d589f,2,2,0,68.8,68.8,0,false,false,false,false,false,false
U2,moisturizer,balm_candidate_a,deaacf29-585c-4e1b-a7c3-73a243e69c2e,3,3,0,65.5,65.5,0,false,false,false,false,false,false
U2,moisturizer,balm_candidate_a,c7839904-2245-4a86-922c-4d59cf8df0b3,4,4,0,62.9,62.9,0,false,false,false,false,false,false
U2,moisturizer,balm_candidate_a,1eb7b437-b527-44e4-b4c2-5d56dc26d2d3,5,5,0,62.4,62.4,0,false,false,false,false,false,false
U2,moisturizer,balm_candidate_a,5116d78d-0118-42b1-acc8-1ee384624725,6,6,0,61.9,61.9,0,false,false,false,false,false,false
U2,moisturizer,balm_candidate_a,ae72c231-3629-4272-8c16-9ca4372e3985,7,7,0,61.8,61.8,0,false,false,false,false,false,false
U2,moisturizer,balm_candidate_a,24103bd1-c7ba-4cc9-b9b9-8129c6452232,8,8,0,61.5,61.5,0,false,false,false,false,false,false
U2,moisturizer,balm_candidate_a,358bb655-d0e8-4bbf-93c0-58eea5b5d7ae,9,9,0,61.5,61.5,0,false,false,false,false,false,false
U2,moisturizer,balm_candidate_a,a59880f2-be88-4938-9958-254b87fd37ea,10,10,0,61.4,61.4,0,false,false,false,false,false,false
U2,moisturizer,balm_candidate_a,de9fbe7f-e28b-4a8e-bbf6-536d3aa2a2c4,11,11,0,61.4,61.4,0,false,false,false,false,false,false
U2,moisturizer,balm_candidate_a,df3ab2f1-a4bf-46f9-aaff-df3665156b37,12,12,0,61.4,61.4,0,false,false,false,false,false,false
U2,moisturizer,balm_candidate_a,15b45c92-8b35-493a-8329-bc6b4ab5a53d,13,13,0,60.8,60.8,0,false,false,false,false,false,false
U2,moisturizer,balm_candidate_a,5848640c-84ca-4079-9d9e-8f3113159fe1,14,14,0,60.5,60.5,0,false,false,false,false,false,false
U2,moisturizer,balm_candidate_a,d0319209-502b-4c85-be54-392600ff6b23,15,15,0,60.1,60.1,0,false,false,false,false,false,false
U2,moisturizer,balm_candidate_a,37f18d02-adfd-4c72-b267-8e8facb1c5d1,16,16,0,58.1,58.1,0,false,false,false,false,false,false
U2,moisturizer,balm_candidate_a,d4e752ca-81bb-49bf-b74d-03d388830f47,17,17,0,57.4,57.4,0,false,false,false,false,false,false
U2,moisturizer,balm_candidate_a,ffbaebea-2515-4c5f-8403-cd9a56830ae4,18,18,0,57.4,57.4,0,false,false,false,false,false,false
U2,moisturizer,balm_candidate_a,4cbd41f3-1357-42c6-a6c7-6df0e90d54a7,19,19,0,57.3,57.3,0,false,false,false,false,false,false
U2,moisturizer,balm_candidate_a,3f12f933-9525-4ee1-80c5-257daf40d902,20,20,0,57.3,57.3,0,false,false,false,false,false,false
U2,moisturizer,balm_candidate_a,93d11022-2b8c-4a72-a3a1-9f69655b9e91,21,21,0,57,57,0,false,false,false,false,false,false
U2,moisturizer,balm_candidate_a,b639c8b4-6a61-440e-b4db-fac7381593ff,22,22,0,56.5,56.5,0,false,false,false,false,false,false
U2,moisturizer,balm_candidate_a,97deb2cc-2fae-4dbb-8253-03170e197002,23,23,0,56.5,56.5,0,false,false,false,false,false,false
U2,moisturizer,balm_candidate_a,9a98cc54-6238-4ed6-91d0-200f5203f46c,24,24,0,56.4,56.4,0,false,false,false,false,false,false
U2,moisturizer,balm_candidate_a,d2141a9d-3975-4d93-83f7-a4814c9c6a57,25,25,0,56.1,56.1,0,false,false,false,false,false,false
U2,moisturizer,balm_candidate_a,bd98f785-15c8-4800-af64-d39c3ad873a0,26,26,0,56.1,56.1,0,false,false,false,false,false,false
U2,moisturizer,balm_candidate_a,65a4c320-4815-4488-b031-b0a06b4702ca,27,27,0,55.6,55.6,0,false,false,false,false,false,false
U2,moisturizer,balm_candidate_a,2d52e270-0429-4c5f-89dd-5c608b92fe8c,28,28,0,55,55,0,false,false,false,false,false,false
U2,moisturizer,balm_candidate_a,7a58897d-bc51-47e8-ba8d-60322b5f8f3d,29,29,0,54.2,54.2,0,false,false,false,false,false,false
U2,moisturizer,balm_candidate_a,e4f25cfc-293d-47f8-8eea-70e4b0ec1c7b,30,30,0,53.7,53.7,0,false,false,false,false,false,false
U2,moisturizer,balm_candidate_a,615c6866-b1ea-48d3-adbe-fbe1831dc6f1,31,31,0,53.4,53.4,0,false,false,false,false,false,false
U2,moisturizer,balm_candidate_a,8c2c12e7-2fa6-4230-bee6-958a4dc9dc97,32,,,52.8,52.8,0,true,false,false,false,false,false
U2,moisturizer,balm_candidate_a,ef252acf-cfe2-4b2b-a223-80064be88e52,33,32,-1,52.4,52.4,0,false,false,false,false,false,false
U2,moisturizer,balm_candidate_a,47a8a197-40d4-41df-b1ed-7f85eb458a3d,34,33,-1,51.5,51.5,0,false,false,false,false,false,false
U2,moisturizer,balm_candidate_a,1f20944c-5a86-4748-8daf-7d57259ea6c0,35,34,-1,51.1,51.1,0,false,false,false,false,false,false
U2,moisturizer,balm_candidate_a,f0bea751-1439-4f32-b9e9-1e204c5dd64e,36,,,50.4,50.4,0,true,false,false,false,false,false
U2,moisturizer,balm_candidate_a,c67266dd-3706-4929-9196-936d1f61cbc5,37,35,-2,49.8,49.8,0,false,false,false,false,false,false
U2,moisturizer,balm_candidate_a,3e8c269e-17d8-47ec-a51d-9eada96461f4,38,,,49.6,49.6,0,true,false,false,false,false,false
U2,moisturizer,balm_candidate_a,637782f6-709e-45e3-a886-a279c142667d,39,,,49.6,49.6,0,true,false,false,false,false,false
U2,moisturizer,balm_candidate_a,36b7d8f7-eb23-4fdb-a510-99ad4b64eb0e,40,,,49.2,49.2,0,true,false,false,false,false,false
U2,moisturizer,balm_candidate_a,d35a03e7-4974-4eef-ad9d-c2e909622c6c,41,,,49.2,49.2,0,true,false,false,false,false,false
U2,moisturizer,balm_candidate_a,9e727419-40e6-4c61-b44c-609507b7b822,42,36,-6,48.5,48.5,0,false,false,false,false,false,false
U2,moisturizer,balm_candidate_a,49a483f3-9232-4b58-a91b-ddb5ea2f973e,43,,,48.2,48.2,0,true,false,false,false,false,false
U2,moisturizer,balm_candidate_a,e8d1bb9d-1a8b-430b-a79d-79d16b18ce5e,44,37,-7,47.3,47.3,0,false,false,false,false,false,false
U2,moisturizer,balm_candidate_a,c2bb9ffd-f261-4f9b-91ed-23f6cea9ada1,45,,,47.3,47.3,0,true,false,false,false,false,false
U2,moisturizer,balm_candidate_a,b1f6b527-679f-48f3-9b58-5d28ec095f2f,46,38,-8,46.2,46.2,0,false,false,false,false,false,false
U2,moisturizer,balm_candidate_a,d5093dae-ce2f-4681-9811-2052e1779ff3,47,39,-8,45,45,0,false,false,false,false,false,false
U2,moisturizer,balm_candidate_a,fd00be48-42e4-4db5-8838-e0820f147254,48,40,-8,44.5,44.5,0,false,false,false,false,false,false
U2,moisturizer,balm_candidate_a,2ab9955d-9e7f-41fc-9751-9e313d50e492,49,41,-8,43.9,43.9,0,false,false,false,false,false,false
U2,moisturizer,balm_candidate_a,e15a1f7e-29b3-49fd-aae4-297bf9ada4ed,50,42,-8,43.9,43.9,0,false,false,false,false,false,false
U2,moisturizer,balm_candidate_a,418e2bc1-7d6c-4334-9058-7af7ce159c6c,51,43,-8,43.7,43.7,0,false,false,false,false,false,false
U2,moisturizer,balm_candidate_a,4aa41038-de5b-4125-97b0-a50e7575cc00,52,44,-8,43.2,43.2,0,false,false,false,false,false,false
U2,moisturizer,balm_candidate_a,b72b0570-ee3f-4692-b45f-633b46ae3b64,53,,,42.9,42.9,0,true,false,false,false,false,false
U2,moisturizer,balm_candidate_a,03f5a72b-6c9a-4487-a3a9-39d1e6afa7bb,54,45,-9,42.5,42.5,0,false,false,false,false,false,false
U2,moisturizer,balm_candidate_a,06d1ad4b-2291-4b73-8bf4-f1f3c0226fea,55,46,-9,42.4,42.4,0,false,false,false,false,false,false
U2,moisturizer,balm_candidate_a,cd0022c9-a80e-4f57-876b-79e1cb311a15,56,,,41.9,41.9,0,true,false,false,false,false,false
U2,moisturizer,balm_candidate_a,7a98b5e7-2c1f-441a-afee-dd1c592d95bc,57,47,-10,41.4,41.4,0,false,false,false,false,false,false
U2,moisturizer,balm_candidate_a,4c7af697-1413-4b7d-a89e-6edd2bd5f40c,58,,,40.1,40.1,0,true,false,false,false,false,false
U2,moisturizer,balm_candidate_a,3fe73499-c2a9-4ee5-b4b5-6a60e07c6686,59,,,39,39,0,true,false,false,false,false,false
U2,moisturizer,balm_candidate_a,976c13ef-8ebd-4b69-acae-0d070f6cd590,60,48,-12,34.3,34.3,0,false,false,false,false,false,false
U2,moisturizer,balm_candidate_a,7b4a237c-7f6e-4f18-a581-9d6fcad8f92e,61,,,32.2,32.2,0,true,false,false,false,false,false
U2,moisturizer,balm_candidate_b,173c63a8-a40d-4d1e-acb6-a7944d66ec43,1,1,0,75,75,0,false,false,false,false,false,false
U2,moisturizer,balm_candidate_b,af70acaa-24b0-45eb-b82b-3c3b9f6d589f,2,2,0,68.8,68.8,0,false,false,false,false,false,false
U2,moisturizer,balm_candidate_b,deaacf29-585c-4e1b-a7c3-73a243e69c2e,3,3,0,65.5,65.5,0,false,false,false,false,false,false
U2,moisturizer,balm_candidate_b,c7839904-2245-4a86-922c-4d59cf8df0b3,4,4,0,62.9,62.9,0,false,false,false,false,false,false
U2,moisturizer,balm_candidate_b,1eb7b437-b527-44e4-b4c2-5d56dc26d2d3,5,5,0,62.4,62.4,0,false,false,false,false,false,false
U2,moisturizer,balm_candidate_b,5116d78d-0118-42b1-acc8-1ee384624725,6,6,0,61.9,61.9,0,false,false,false,false,false,false
U2,moisturizer,balm_candidate_b,ae72c231-3629-4272-8c16-9ca4372e3985,7,7,0,61.8,61.8,0,false,false,false,false,false,false
U2,moisturizer,balm_candidate_b,24103bd1-c7ba-4cc9-b9b9-8129c6452232,8,8,0,61.5,61.5,0,false,false,false,false,false,false
U2,moisturizer,balm_candidate_b,358bb655-d0e8-4bbf-93c0-58eea5b5d7ae,9,9,0,61.5,61.5,0,false,false,false,false,false,false
U2,moisturizer,balm_candidate_b,a59880f2-be88-4938-9958-254b87fd37ea,10,10,0,61.4,61.4,0,false,false,false,false,false,false
U2,moisturizer,balm_candidate_b,de9fbe7f-e28b-4a8e-bbf6-536d3aa2a2c4,11,11,0,61.4,61.4,0,false,false,false,false,false,false
U2,moisturizer,balm_candidate_b,df3ab2f1-a4bf-46f9-aaff-df3665156b37,12,12,0,61.4,61.4,0,false,false,false,false,false,false
U2,moisturizer,balm_candidate_b,15b45c92-8b35-493a-8329-bc6b4ab5a53d,13,13,0,60.8,60.8,0,false,false,false,false,false,false
U2,moisturizer,balm_candidate_b,5848640c-84ca-4079-9d9e-8f3113159fe1,14,14,0,60.5,60.5,0,false,false,false,false,false,false
U2,moisturizer,balm_candidate_b,d0319209-502b-4c85-be54-392600ff6b23,15,15,0,60.1,60.1,0,false,false,false,false,false,false
U2,moisturizer,balm_candidate_b,37f18d02-adfd-4c72-b267-8e8facb1c5d1,16,16,0,58.1,58.1,0,false,false,false,false,false,false
U2,moisturizer,balm_candidate_b,d4e752ca-81bb-49bf-b74d-03d388830f47,17,17,0,57.4,57.4,0,false,false,false,false,false,false
U2,moisturizer,balm_candidate_b,ffbaebea-2515-4c5f-8403-cd9a56830ae4,18,18,0,57.4,57.4,0,false,false,false,false,false,false
U2,moisturizer,balm_candidate_b,4cbd41f3-1357-42c6-a6c7-6df0e90d54a7,19,19,0,57.3,57.3,0,false,false,false,false,false,false
U2,moisturizer,balm_candidate_b,3f12f933-9525-4ee1-80c5-257daf40d902,20,20,0,57.3,57.3,0,false,false,false,false,false,false
U2,moisturizer,balm_candidate_b,93d11022-2b8c-4a72-a3a1-9f69655b9e91,21,21,0,57,57,0,false,false,false,false,false,false
U2,moisturizer,balm_candidate_b,b639c8b4-6a61-440e-b4db-fac7381593ff,22,22,0,56.5,56.5,0,false,false,false,false,false,false
U2,moisturizer,balm_candidate_b,97deb2cc-2fae-4dbb-8253-03170e197002,23,23,0,56.5,56.5,0,false,false,false,false,false,false
U2,moisturizer,balm_candidate_b,9a98cc54-6238-4ed6-91d0-200f5203f46c,24,24,0,56.4,56.4,0,false,false,false,false,false,false
U2,moisturizer,balm_candidate_b,d2141a9d-3975-4d93-83f7-a4814c9c6a57,25,25,0,56.1,56.1,0,false,false,false,false,false,false
U2,moisturizer,balm_candidate_b,bd98f785-15c8-4800-af64-d39c3ad873a0,26,26,0,56.1,56.1,0,false,false,false,false,false,false
U2,moisturizer,balm_candidate_b,65a4c320-4815-4488-b031-b0a06b4702ca,27,27,0,55.6,55.6,0,false,false,false,false,false,false
U2,moisturizer,balm_candidate_b,2d52e270-0429-4c5f-89dd-5c608b92fe8c,28,28,0,55,55,0,false,false,false,false,false,false
U2,moisturizer,balm_candidate_b,7a58897d-bc51-47e8-ba8d-60322b5f8f3d,29,29,0,54.2,54.2,0,false,false,false,false,false,false
U2,moisturizer,balm_candidate_b,e4f25cfc-293d-47f8-8eea-70e4b0ec1c7b,30,30,0,53.7,53.7,0,false,false,false,false,false,false
U2,moisturizer,balm_candidate_b,615c6866-b1ea-48d3-adbe-fbe1831dc6f1,31,31,0,53.4,53.4,0,false,false,false,false,false,false
U2,moisturizer,balm_candidate_b,8c2c12e7-2fa6-4230-bee6-958a4dc9dc97,32,32,0,52.8,52.8,0,false,false,false,false,false,false
U2,moisturizer,balm_candidate_b,ef252acf-cfe2-4b2b-a223-80064be88e52,33,33,0,52.4,52.4,0,false,false,false,false,false,false
U2,moisturizer,balm_candidate_b,47a8a197-40d4-41df-b1ed-7f85eb458a3d,34,34,0,51.5,51.5,0,false,false,false,false,false,false
U2,moisturizer,balm_candidate_b,1f20944c-5a86-4748-8daf-7d57259ea6c0,35,35,0,51.1,51.1,0,false,false,false,false,false,false
U2,moisturizer,balm_candidate_b,f0bea751-1439-4f32-b9e9-1e204c5dd64e,36,36,0,50.4,50.4,0,false,false,false,false,false,false
U2,moisturizer,balm_candidate_b,c67266dd-3706-4929-9196-936d1f61cbc5,37,37,0,49.8,49.8,0,false,false,false,false,false,false
U2,moisturizer,balm_candidate_b,3e8c269e-17d8-47ec-a51d-9eada96461f4,38,38,0,49.6,49.6,0,false,false,false,false,false,false
U2,moisturizer,balm_candidate_b,637782f6-709e-45e3-a886-a279c142667d,39,,,49.6,49.6,0,true,false,false,false,false,false
U2,moisturizer,balm_candidate_b,36b7d8f7-eb23-4fdb-a510-99ad4b64eb0e,40,,,49.2,49.2,0,true,false,false,false,false,false
U2,moisturizer,balm_candidate_b,d35a03e7-4974-4eef-ad9d-c2e909622c6c,41,39,-2,49.2,49.2,0,false,false,false,false,false,false
U2,moisturizer,balm_candidate_b,9e727419-40e6-4c61-b44c-609507b7b822,42,40,-2,48.5,48.5,0,false,false,false,false,false,false
U2,moisturizer,balm_candidate_b,49a483f3-9232-4b58-a91b-ddb5ea2f973e,43,,,48.2,48.2,0,true,false,false,false,false,false
U2,moisturizer,balm_candidate_b,e8d1bb9d-1a8b-430b-a79d-79d16b18ce5e,44,41,-3,47.3,47.3,0,false,false,false,false,false,false
U2,moisturizer,balm_candidate_b,c2bb9ffd-f261-4f9b-91ed-23f6cea9ada1,45,,,47.3,47.3,0,true,false,false,false,false,false
U2,moisturizer,balm_candidate_b,b1f6b527-679f-48f3-9b58-5d28ec095f2f,46,42,-4,46.2,46.2,0,false,false,false,false,false,false
U2,moisturizer,balm_candidate_b,d5093dae-ce2f-4681-9811-2052e1779ff3,47,43,-4,45,45,0,false,false,false,false,false,false
U2,moisturizer,balm_candidate_b,fd00be48-42e4-4db5-8838-e0820f147254,48,44,-4,44.5,44.5,0,false,false,false,false,false,false
U2,moisturizer,balm_candidate_b,2ab9955d-9e7f-41fc-9751-9e313d50e492,49,45,-4,43.9,43.9,0,false,false,false,false,false,false
U2,moisturizer,balm_candidate_b,e15a1f7e-29b3-49fd-aae4-297bf9ada4ed,50,46,-4,43.9,43.9,0,false,false,false,false,false,false
U2,moisturizer,balm_candidate_b,418e2bc1-7d6c-4334-9058-7af7ce159c6c,51,47,-4,43.7,43.7,0,false,false,false,false,false,false
U2,moisturizer,balm_candidate_b,4aa41038-de5b-4125-97b0-a50e7575cc00,52,48,-4,43.2,43.2,0,false,false,false,false,false,false
U2,moisturizer,balm_candidate_b,b72b0570-ee3f-4692-b45f-633b46ae3b64,53,,,42.9,42.9,0,true,false,false,false,false,false
U2,moisturizer,balm_candidate_b,03f5a72b-6c9a-4487-a3a9-39d1e6afa7bb,54,49,-5,42.5,42.5,0,false,false,false,false,false,false
U2,moisturizer,balm_candidate_b,06d1ad4b-2291-4b73-8bf4-f1f3c0226fea,55,50,-5,42.4,42.4,0,false,false,false,false,false,false
U2,moisturizer,balm_candidate_b,cd0022c9-a80e-4f57-876b-79e1cb311a15,56,51,-5,41.9,41.9,0,false,false,false,false,false,false
U2,moisturizer,balm_candidate_b,7a98b5e7-2c1f-441a-afee-dd1c592d95bc,57,52,-5,41.4,41.4,0,false,false,false,false,false,false
U2,moisturizer,balm_candidate_b,4c7af697-1413-4b7d-a89e-6edd2bd5f40c,58,,,40.1,40.1,0,true,false,false,false,false,false
U2,moisturizer,balm_candidate_b,3fe73499-c2a9-4ee5-b4b5-6a60e07c6686,59,53,-6,39,39,0,false,false,false,false,false,false
U2,moisturizer,balm_candidate_b,976c13ef-8ebd-4b69-acae-0d070f6cd590,60,54,-6,34.3,34.3,0,false,false,false,false,false,false
U2,moisturizer,balm_candidate_b,7b4a237c-7f6e-4f18-a581-9d6fcad8f92e,61,,,32.2,32.2,0,true,false,false,false,false,false
U2,sunscreen,sunscreen_completeness,765b3ca1-6927-49b0-bee6-4138d03dd915,1,1,0,39,39,0,false,false,false,false,true,false
U2,sunscreen,sunscreen_completeness,cbcd06a2-de29-47ca-afd1-ab1d5de93903,2,2,0,36.1,36.1,0,false,false,false,false,false,false
U2,sunscreen,sunscreen_completeness,fdf06871-db8e-4e73-a48c-c057c5ce925d,3,3,0,15.2,15.2,0,false,false,false,false,true,false
U2,sunscreen,sunscreen_completeness,25b2763f-529f-4b2e-a436-2e0776279c55,4,4,0,14.2,14.2,0,false,false,false,false,true,false
U2,sunscreen,sunscreen_completeness,57e4a5ec-115d-4322-85a1-7976db669700,5,5,0,11.7,11.7,0,false,false,false,false,true,false
U2,sunscreen,sunscreen_completeness,dc1ef3f3-db1b-4c3f-954a-b18343e3d9f3,6,6,0,6.8,6.8,0,false,false,false,false,true,false
U2,sunscreen,sunscreen_completeness,336bb533-0fe4-4380-8b9f-ab16fb24b807,7,7,0,4.3,4.3,0,false,false,false,false,true,false
U2,sunscreen,sunscreen_completeness,9983f167-24e7-4223-bd86-446ce6ced31b,8,8,0,1.3,1.3,0,false,false,false,false,true,false
U2,sunscreen,sunscreen_completeness,0bb742d2-df6b-49a7-8e29-8f76ae62ac0d,9,9,0,-2.1,-2.1,0,false,false,false,false,true,false
U2,sunscreen,sunscreen_completeness,dd326b18-ea56-45fb-8571-42186b6c9159,10,10,0,-8.3,-8.3,0,false,false,false,false,true,false
U2,sunscreen,sunscreen_completeness,2d3591f2-2216-4043-8493-a9492806ef8b,11,11,0,-12.1,-12.1,0,false,false,false,false,true,false
U3,cleanser,cleanser_structured_authority,0def9373-087e-4998-8ef1-7f4cbdac40e4,1,1,0,34.4,34.4,0,false,false,false,false,false,false
U3,cleanser,cleanser_structured_authority,8889342d-d9a2-454b-aa27-60d4934b9978,2,2,0,32.2,32.2,0,false,false,false,false,false,false
U3,cleanser,cleanser_structured_authority,51d526de-b127-47c4-83f1-64fc1ec4aa10,3,3,0,32.1,32.1,0,false,false,false,false,false,false
U3,cleanser,cleanser_structured_authority,5448b8c3-cf87-4561-a699-3baf3dcb3dab,4,4,0,32.1,32.1,0,false,false,false,false,false,false
U3,cleanser,cleanser_structured_authority,c8f78d00-85b9-4850-b464-e8a0d815b2d8,5,5,0,32.1,32.1,0,false,false,false,false,false,false
U3,cleanser,cleanser_structured_authority,0b59cb66-ab03-4a0d-815e-7a94a5c7ae65,6,6,0,31.2,31.2,0,false,false,false,false,false,false
U3,cleanser,cleanser_structured_authority,15420430-2a68-49e2-ab53-716d9c4ff45e,7,7,0,29.5,29.5,0,false,false,false,false,false,false
U3,cleanser,cleanser_structured_authority,d0b4789c-bc0a-46e1-8317-ce498377333e,8,8,0,29.3,29.3,0,false,false,false,false,false,false
U3,cleanser,cleanser_structured_authority,50d8285d-9f90-4437-9427-ecc93e9fa055,9,9,0,29.3,29.3,0,false,false,false,false,false,false
U3,cleanser,cleanser_structured_authority,d4f64d02-6d35-435b-8269-b6ed7cd34bad,10,10,0,28.7,28.7,0,false,false,false,false,false,false
U3,cleanser,cleanser_structured_authority,65a4be83-a9b7-4b1d-bd58-1b6e99cf66fc,11,11,0,28.2,28.2,0,false,false,false,false,false,false
U3,cleanser,cleanser_structured_authority,d7bb44e4-d585-41ca-8a74-04781470d1de,12,12,0,26.4,26.4,0,false,false,false,false,false,false
U3,cleanser,cleanser_structured_authority,f2a697ce-43d9-4a9a-b110-1f332bc29b50,13,13,0,25.7,25.7,0,false,false,false,false,false,false
U3,cleanser,cleanser_structured_authority,0bced9fe-aa08-4982-bb4a-03fb9ed509c1,14,14,0,25.1,25.1,0,false,false,false,false,false,false
U3,cleanser,cleanser_structured_authority,cd3b66be-cddc-47e1-906f-a871dea84412,15,15,0,25,25,0,false,false,false,false,false,false
U3,cleanser,cleanser_structured_authority,b46ca581-7a4e-4cf1-b599-b9fdc026885d,16,16,0,24.5,24.5,0,false,false,false,false,false,false
U3,cleanser,cleanser_structured_authority,3f83bb85-cc53-4aa0-a0f0-e08535288749,17,17,0,24.5,24.5,0,false,false,false,false,false,false
U3,cleanser,cleanser_structured_authority,fbe265d2-8457-4c4f-96e2-7a08be0e5073,18,18,0,24.5,24.5,0,false,false,false,false,false,false
U3,cleanser,cleanser_structured_authority,e6c3f88c-6908-401f-83d1-a5164f1dd60a,19,19,0,23.8,23.8,0,false,false,false,false,false,false
U3,cleanser,cleanser_structured_authority,635aa0fd-aabb-495e-b68f-42b1135df544,20,20,0,23.5,23.5,0,false,false,false,false,false,false
U3,cleanser,cleanser_structured_authority,6d560546-80f1-4ccf-9d2c-34023722d2a7,21,21,0,22.4,22.4,0,false,false,false,false,false,false
U3,cleanser,cleanser_structured_authority,63300ce0-9bb7-4ce5-98d5-5c59ae283cda,22,22,0,21.4,21.4,0,false,false,false,false,false,false
U3,cleanser,cleanser_structured_authority,2fddc273-d7ee-4034-a399-3bfd2cfcafd4,23,23,0,21.3,21.3,0,false,false,false,false,false,false
U3,cleanser,cleanser_structured_authority,009e0339-fa00-429e-a1c2-2a23eb4707f8,24,24,0,19.2,19.2,0,false,false,false,false,false,false
U3,cleanser,cleanser_structured_authority,cb04b777-9a57-4246-9431-3018638354db,25,25,0,15.9,15.9,0,false,false,false,false,false,false
U3,cleanser,cleanser_structured_authority,9d47de96-3227-494b-a8aa-2a4a3b7959d8,26,26,0,14.9,14.9,0,false,false,false,false,false,false
U3,moisturizer,balm_candidate_a,ae72c231-3629-4272-8c16-9ca4372e3985,1,1,0,79.2,79.2,0,false,false,false,false,false,false
U3,moisturizer,balm_candidate_a,b639c8b4-6a61-440e-b4db-fac7381593ff,2,2,0,71.5,71.5,0,false,false,false,false,false,false
U3,moisturizer,balm_candidate_a,97deb2cc-2fae-4dbb-8253-03170e197002,3,3,0,65.9,65.9,0,false,false,false,false,false,false
U3,moisturizer,balm_candidate_a,9a98cc54-6238-4ed6-91d0-200f5203f46c,4,4,0,65.6,65.6,0,false,false,false,false,false,false
U3,moisturizer,balm_candidate_a,bd98f785-15c8-4800-af64-d39c3ad873a0,5,5,0,65.5,65.5,0,false,false,false,false,false,false
U3,moisturizer,balm_candidate_a,c67266dd-3706-4929-9196-936d1f61cbc5,6,6,0,65,65,0,false,false,false,false,false,false
U3,moisturizer,balm_candidate_a,3e8c269e-17d8-47ec-a51d-9eada96461f4,7,,,64.8,64.8,0,true,false,false,false,false,false
U3,moisturizer,balm_candidate_a,637782f6-709e-45e3-a886-a279c142667d,8,,,64.8,64.8,0,true,false,false,false,false,false
U3,moisturizer,balm_candidate_a,65a4c320-4815-4488-b031-b0a06b4702ca,9,7,-2,64.8,64.8,0,false,false,false,false,false,false
U3,moisturizer,balm_candidate_a,47a8a197-40d4-41df-b1ed-7f85eb458a3d,10,8,-2,64.7,64.7,0,false,false,false,false,false,false
U3,moisturizer,balm_candidate_a,36b7d8f7-eb23-4fdb-a510-99ad4b64eb0e,11,,,64.6,64.6,0,true,false,false,false,false,false
U3,moisturizer,balm_candidate_a,a59880f2-be88-4938-9958-254b87fd37ea,12,9,-3,64.4,64.4,0,false,false,false,false,false,false
U3,moisturizer,balm_candidate_a,8c2c12e7-2fa6-4230-bee6-958a4dc9dc97,13,,,64,64,0,true,false,false,false,false,false
U3,moisturizer,balm_candidate_a,7a58897d-bc51-47e8-ba8d-60322b5f8f3d,14,10,-4,63.6,63.6,0,false,false,false,false,false,false
U3,moisturizer,balm_candidate_a,37f18d02-adfd-4c72-b267-8e8facb1c5d1,15,11,-4,63.5,63.5,0,false,false,false,false,false,false
U3,moisturizer,balm_candidate_a,49a483f3-9232-4b58-a91b-ddb5ea2f973e,16,,,63.4,63.4,0,true,false,false,false,false,false
U3,moisturizer,balm_candidate_a,5116d78d-0118-42b1-acc8-1ee384624725,17,12,-5,63.1,63.1,0,false,false,false,false,false,false
U3,moisturizer,balm_candidate_a,e4f25cfc-293d-47f8-8eea-70e4b0ec1c7b,18,13,-5,63.1,63.1,0,false,false,false,false,false,false
U3,moisturizer,balm_candidate_a,615c6866-b1ea-48d3-adbe-fbe1831dc6f1,19,14,-5,62.8,62.8,0,false,false,false,false,false,false
U3,moisturizer,balm_candidate_a,ffbaebea-2515-4c5f-8403-cd9a56830ae4,20,15,-5,62.8,62.8,0,false,false,false,false,false,false
U3,moisturizer,balm_candidate_a,deaacf29-585c-4e1b-a7c3-73a243e69c2e,21,16,-5,62.7,62.7,0,false,false,false,false,false,false
U3,moisturizer,balm_candidate_a,3f12f933-9525-4ee1-80c5-257daf40d902,22,17,-5,62.7,62.7,0,false,false,false,false,false,false
U3,moisturizer,balm_candidate_a,d4e752ca-81bb-49bf-b74d-03d388830f47,23,18,-5,62.6,62.6,0,false,false,false,false,false,false
U3,moisturizer,balm_candidate_a,93d11022-2b8c-4a72-a3a1-9f69655b9e91,24,19,-5,62.2,62.2,0,false,false,false,false,false,false
U3,moisturizer,balm_candidate_a,173c63a8-a40d-4d1e-acb6-a7944d66ec43,25,20,-5,62.2,62.2,0,false,false,false,false,false,false
U3,moisturizer,balm_candidate_a,f0bea751-1439-4f32-b9e9-1e204c5dd64e,26,,,61.6,61.6,0,true,false,false,false,false,false
U3,moisturizer,balm_candidate_a,b1f6b527-679f-48f3-9b58-5d28ec095f2f,27,21,-6,61.4,61.4,0,false,false,false,false,false,false
U3,moisturizer,balm_candidate_a,24103bd1-c7ba-4cc9-b9b9-8129c6452232,28,22,-6,60.7,60.7,0,false,false,false,false,false,false
U3,moisturizer,balm_candidate_a,d35a03e7-4974-4eef-ad9d-c2e909622c6c,29,,,60.6,60.6,0,true,false,false,false,false,false
U3,moisturizer,balm_candidate_a,2d52e270-0429-4c5f-89dd-5c608b92fe8c,30,23,-7,60.4,60.4,0,false,false,false,false,false,false
U3,moisturizer,balm_candidate_a,de9fbe7f-e28b-4a8e-bbf6-536d3aa2a2c4,31,24,-7,60.4,60.4,0,false,false,false,false,false,false
U3,moisturizer,balm_candidate_a,15b45c92-8b35-493a-8329-bc6b4ab5a53d,32,25,-7,59.8,59.8,0,false,false,false,false,false,false
U3,moisturizer,balm_candidate_a,9e727419-40e6-4c61-b44c-609507b7b822,33,26,-7,59.5,59.5,0,false,false,false,false,false,false
U3,moisturizer,balm_candidate_a,5848640c-84ca-4079-9d9e-8f3113159fe1,34,27,-7,59.5,59.5,0,false,false,false,false,false,false
U3,moisturizer,balm_candidate_a,d0319209-502b-4c85-be54-392600ff6b23,35,28,-7,59.3,59.3,0,false,false,false,false,false,false
U3,moisturizer,balm_candidate_a,c2bb9ffd-f261-4f9b-91ed-23f6cea9ada1,36,,,58.7,58.7,0,true,false,false,false,false,false
U3,moisturizer,balm_candidate_a,b72b0570-ee3f-4692-b45f-633b46ae3b64,37,,,58.3,58.3,0,true,false,false,false,false,false
U3,moisturizer,balm_candidate_a,c7839904-2245-4a86-922c-4d59cf8df0b3,38,29,-9,58.1,58.1,0,false,false,false,false,false,false
U3,moisturizer,balm_candidate_a,ef252acf-cfe2-4b2b-a223-80064be88e52,39,30,-9,57.8,57.8,0,false,false,false,false,false,false
U3,moisturizer,balm_candidate_a,1eb7b437-b527-44e4-b4c2-5d56dc26d2d3,40,31,-9,57.6,57.6,0,false,false,false,false,false,false
U3,moisturizer,balm_candidate_a,358bb655-d0e8-4bbf-93c0-58eea5b5d7ae,41,32,-9,56.7,56.7,0,false,false,false,false,false,false
U3,moisturizer,balm_candidate_a,d5093dae-ce2f-4681-9811-2052e1779ff3,42,33,-9,56.4,56.4,0,false,false,false,false,false,false
U3,moisturizer,balm_candidate_a,df3ab2f1-a4bf-46f9-aaff-df3665156b37,43,34,-9,56.4,56.4,0,false,false,false,false,false,false
U3,moisturizer,balm_candidate_a,1f20944c-5a86-4748-8daf-7d57259ea6c0,44,35,-9,56.3,56.3,0,false,false,false,false,false,false
U3,moisturizer,balm_candidate_a,e8d1bb9d-1a8b-430b-a79d-79d16b18ce5e,45,36,-9,56.3,56.3,0,false,false,false,false,false,false
U3,moisturizer,balm_candidate_a,af70acaa-24b0-45eb-b82b-3c3b9f6d589f,46,37,-9,55.8,55.8,0,false,false,false,false,false,false
U3,moisturizer,balm_candidate_a,fd00be48-42e4-4db5-8838-e0820f147254,47,38,-9,55.7,55.7,0,false,false,false,false,false,false
U3,moisturizer,balm_candidate_a,e15a1f7e-29b3-49fd-aae4-297bf9ada4ed,48,39,-9,55.1,55.1,0,false,false,false,false,false,false
U3,moisturizer,balm_candidate_a,418e2bc1-7d6c-4334-9058-7af7ce159c6c,49,40,-9,55.1,55.1,0,false,false,false,false,false,false
U3,moisturizer,balm_candidate_a,d2141a9d-3975-4d93-83f7-a4814c9c6a57,50,41,-9,55.1,55.1,0,false,false,false,false,false,false
U3,moisturizer,balm_candidate_a,4c7af697-1413-4b7d-a89e-6edd2bd5f40c,51,,,55.1,55.1,0,true,false,false,false,false,false
U3,moisturizer,balm_candidate_a,4aa41038-de5b-4125-97b0-a50e7575cc00,52,42,-10,54.6,54.6,0,false,false,false,false,false,false
U3,moisturizer,balm_candidate_a,3fe73499-c2a9-4ee5-b4b5-6a60e07c6686,53,,,54.4,54.4,0,true,false,false,false,false,false
U3,moisturizer,balm_candidate_a,03f5a72b-6c9a-4487-a3a9-39d1e6afa7bb,54,43,-11,53.9,53.9,0,false,false,false,false,false,false
U3,moisturizer,balm_candidate_a,06d1ad4b-2291-4b73-8bf4-f1f3c0226fea,55,44,-11,53.8,53.8,0,false,false,false,false,false,false
U3,moisturizer,balm_candidate_a,cd0022c9-a80e-4f57-876b-79e1cb311a15,56,,,53.3,53.3,0,true,false,false,false,false,false
U3,moisturizer,balm_candidate_a,7a98b5e7-2c1f-441a-afee-dd1c592d95bc,57,45,-12,52.4,52.4,0,false,false,false,false,false,false
U3,moisturizer,balm_candidate_a,4cbd41f3-1357-42c6-a6c7-6df0e90d54a7,58,46,-12,52.3,52.3,0,false,false,false,false,false,false
U3,moisturizer,balm_candidate_a,976c13ef-8ebd-4b69-acae-0d070f6cd590,59,47,-12,49.5,49.5,0,false,false,false,false,false,false
U3,moisturizer,balm_candidate_a,2ab9955d-9e7f-41fc-9751-9e313d50e492,60,48,-12,49.1,49.1,0,false,false,false,false,false,false
U3,moisturizer,balm_candidate_a,7b4a237c-7f6e-4f18-a581-9d6fcad8f92e,61,,,47.6,47.6,0,true,false,false,false,false,false
U3,moisturizer,balm_candidate_b,ae72c231-3629-4272-8c16-9ca4372e3985,1,1,0,79.2,79.2,0,false,false,false,false,false,false
U3,moisturizer,balm_candidate_b,b639c8b4-6a61-440e-b4db-fac7381593ff,2,2,0,71.5,71.5,0,false,false,false,false,false,false
U3,moisturizer,balm_candidate_b,97deb2cc-2fae-4dbb-8253-03170e197002,3,3,0,65.9,65.9,0,false,false,false,false,false,false
U3,moisturizer,balm_candidate_b,9a98cc54-6238-4ed6-91d0-200f5203f46c,4,4,0,65.6,65.6,0,false,false,false,false,false,false
U3,moisturizer,balm_candidate_b,bd98f785-15c8-4800-af64-d39c3ad873a0,5,5,0,65.5,65.5,0,false,false,false,false,false,false
U3,moisturizer,balm_candidate_b,c67266dd-3706-4929-9196-936d1f61cbc5,6,6,0,65,65,0,false,false,false,false,false,false
U3,moisturizer,balm_candidate_b,3e8c269e-17d8-47ec-a51d-9eada96461f4,7,7,0,64.8,64.8,0,false,false,false,false,false,false
U3,moisturizer,balm_candidate_b,637782f6-709e-45e3-a886-a279c142667d,8,,,64.8,64.8,0,true,false,false,false,false,false
U3,moisturizer,balm_candidate_b,65a4c320-4815-4488-b031-b0a06b4702ca,9,8,-1,64.8,64.8,0,false,false,false,false,false,false
U3,moisturizer,balm_candidate_b,47a8a197-40d4-41df-b1ed-7f85eb458a3d,10,9,-1,64.7,64.7,0,false,false,false,false,false,false
U3,moisturizer,balm_candidate_b,36b7d8f7-eb23-4fdb-a510-99ad4b64eb0e,11,,,64.6,64.6,0,true,false,false,false,false,false
U3,moisturizer,balm_candidate_b,a59880f2-be88-4938-9958-254b87fd37ea,12,10,-2,64.4,64.4,0,false,false,false,false,false,false
U3,moisturizer,balm_candidate_b,8c2c12e7-2fa6-4230-bee6-958a4dc9dc97,13,11,-2,64,64,0,false,false,false,false,false,false
U3,moisturizer,balm_candidate_b,7a58897d-bc51-47e8-ba8d-60322b5f8f3d,14,12,-2,63.6,63.6,0,false,false,false,false,false,false
U3,moisturizer,balm_candidate_b,37f18d02-adfd-4c72-b267-8e8facb1c5d1,15,13,-2,63.5,63.5,0,false,false,false,false,false,false
U3,moisturizer,balm_candidate_b,49a483f3-9232-4b58-a91b-ddb5ea2f973e,16,,,63.4,63.4,0,true,false,false,false,false,false
U3,moisturizer,balm_candidate_b,5116d78d-0118-42b1-acc8-1ee384624725,17,14,-3,63.1,63.1,0,false,false,false,false,false,false
U3,moisturizer,balm_candidate_b,e4f25cfc-293d-47f8-8eea-70e4b0ec1c7b,18,15,-3,63.1,63.1,0,false,false,false,false,false,false
U3,moisturizer,balm_candidate_b,615c6866-b1ea-48d3-adbe-fbe1831dc6f1,19,16,-3,62.8,62.8,0,false,false,false,false,false,false
U3,moisturizer,balm_candidate_b,ffbaebea-2515-4c5f-8403-cd9a56830ae4,20,17,-3,62.8,62.8,0,false,false,false,false,false,false
U3,moisturizer,balm_candidate_b,deaacf29-585c-4e1b-a7c3-73a243e69c2e,21,18,-3,62.7,62.7,0,false,false,false,false,false,false
U3,moisturizer,balm_candidate_b,3f12f933-9525-4ee1-80c5-257daf40d902,22,19,-3,62.7,62.7,0,false,false,false,false,false,false
U3,moisturizer,balm_candidate_b,d4e752ca-81bb-49bf-b74d-03d388830f47,23,20,-3,62.6,62.6,0,false,false,false,false,false,false
U3,moisturizer,balm_candidate_b,93d11022-2b8c-4a72-a3a1-9f69655b9e91,24,21,-3,62.2,62.2,0,false,false,false,false,false,false
U3,moisturizer,balm_candidate_b,173c63a8-a40d-4d1e-acb6-a7944d66ec43,25,22,-3,62.2,62.2,0,false,false,false,false,false,false
U3,moisturizer,balm_candidate_b,f0bea751-1439-4f32-b9e9-1e204c5dd64e,26,23,-3,61.6,61.6,0,false,false,false,false,false,false
U3,moisturizer,balm_candidate_b,b1f6b527-679f-48f3-9b58-5d28ec095f2f,27,24,-3,61.4,61.4,0,false,false,false,false,false,false
U3,moisturizer,balm_candidate_b,24103bd1-c7ba-4cc9-b9b9-8129c6452232,28,25,-3,60.7,60.7,0,false,false,false,false,false,false
U3,moisturizer,balm_candidate_b,d35a03e7-4974-4eef-ad9d-c2e909622c6c,29,26,-3,60.6,60.6,0,false,false,false,false,false,false
U3,moisturizer,balm_candidate_b,2d52e270-0429-4c5f-89dd-5c608b92fe8c,30,27,-3,60.4,60.4,0,false,false,false,false,false,false
U3,moisturizer,balm_candidate_b,de9fbe7f-e28b-4a8e-bbf6-536d3aa2a2c4,31,28,-3,60.4,60.4,0,false,false,false,false,false,false
U3,moisturizer,balm_candidate_b,15b45c92-8b35-493a-8329-bc6b4ab5a53d,32,29,-3,59.8,59.8,0,false,false,false,false,false,false
U3,moisturizer,balm_candidate_b,9e727419-40e6-4c61-b44c-609507b7b822,33,30,-3,59.5,59.5,0,false,false,false,false,false,false
U3,moisturizer,balm_candidate_b,5848640c-84ca-4079-9d9e-8f3113159fe1,34,31,-3,59.5,59.5,0,false,false,false,false,false,false
U3,moisturizer,balm_candidate_b,d0319209-502b-4c85-be54-392600ff6b23,35,32,-3,59.3,59.3,0,false,false,false,false,false,false
U3,moisturizer,balm_candidate_b,c2bb9ffd-f261-4f9b-91ed-23f6cea9ada1,36,,,58.7,58.7,0,true,false,false,false,false,false
U3,moisturizer,balm_candidate_b,b72b0570-ee3f-4692-b45f-633b46ae3b64,37,,,58.3,58.3,0,true,false,false,false,false,false
U3,moisturizer,balm_candidate_b,c7839904-2245-4a86-922c-4d59cf8df0b3,38,33,-5,58.1,58.1,0,false,false,false,false,false,false
U3,moisturizer,balm_candidate_b,ef252acf-cfe2-4b2b-a223-80064be88e52,39,34,-5,57.8,57.8,0,false,false,false,false,false,false
U3,moisturizer,balm_candidate_b,1eb7b437-b527-44e4-b4c2-5d56dc26d2d3,40,35,-5,57.6,57.6,0,false,false,false,false,false,false
U3,moisturizer,balm_candidate_b,358bb655-d0e8-4bbf-93c0-58eea5b5d7ae,41,36,-5,56.7,56.7,0,false,false,false,false,false,false
U3,moisturizer,balm_candidate_b,d5093dae-ce2f-4681-9811-2052e1779ff3,42,37,-5,56.4,56.4,0,false,false,false,false,false,false
U3,moisturizer,balm_candidate_b,df3ab2f1-a4bf-46f9-aaff-df3665156b37,43,38,-5,56.4,56.4,0,false,false,false,false,false,false
U3,moisturizer,balm_candidate_b,1f20944c-5a86-4748-8daf-7d57259ea6c0,44,39,-5,56.3,56.3,0,false,false,false,false,false,false
U3,moisturizer,balm_candidate_b,e8d1bb9d-1a8b-430b-a79d-79d16b18ce5e,45,40,-5,56.3,56.3,0,false,false,false,false,false,false
U3,moisturizer,balm_candidate_b,af70acaa-24b0-45eb-b82b-3c3b9f6d589f,46,41,-5,55.8,55.8,0,false,false,false,false,false,false
U3,moisturizer,balm_candidate_b,fd00be48-42e4-4db5-8838-e0820f147254,47,42,-5,55.7,55.7,0,false,false,false,false,false,false
U3,moisturizer,balm_candidate_b,e15a1f7e-29b3-49fd-aae4-297bf9ada4ed,48,43,-5,55.1,55.1,0,false,false,false,false,false,false
U3,moisturizer,balm_candidate_b,418e2bc1-7d6c-4334-9058-7af7ce159c6c,49,44,-5,55.1,55.1,0,false,false,false,false,false,false
U3,moisturizer,balm_candidate_b,d2141a9d-3975-4d93-83f7-a4814c9c6a57,50,45,-5,55.1,55.1,0,false,false,false,false,false,false
U3,moisturizer,balm_candidate_b,4c7af697-1413-4b7d-a89e-6edd2bd5f40c,51,,,55.1,55.1,0,true,false,false,false,false,false
U3,moisturizer,balm_candidate_b,4aa41038-de5b-4125-97b0-a50e7575cc00,52,46,-6,54.6,54.6,0,false,false,false,false,false,false
U3,moisturizer,balm_candidate_b,3fe73499-c2a9-4ee5-b4b5-6a60e07c6686,53,47,-6,54.4,54.4,0,false,false,false,false,false,false
U3,moisturizer,balm_candidate_b,03f5a72b-6c9a-4487-a3a9-39d1e6afa7bb,54,48,-6,53.9,53.9,0,false,false,false,false,false,false
U3,moisturizer,balm_candidate_b,06d1ad4b-2291-4b73-8bf4-f1f3c0226fea,55,49,-6,53.8,53.8,0,false,false,false,false,false,false
U3,moisturizer,balm_candidate_b,cd0022c9-a80e-4f57-876b-79e1cb311a15,56,50,-6,53.3,53.3,0,false,false,false,false,false,false
U3,moisturizer,balm_candidate_b,7a98b5e7-2c1f-441a-afee-dd1c592d95bc,57,51,-6,52.4,52.4,0,false,false,false,false,false,false
U3,moisturizer,balm_candidate_b,4cbd41f3-1357-42c6-a6c7-6df0e90d54a7,58,52,-6,52.3,52.3,0,false,false,false,false,false,false
U3,moisturizer,balm_candidate_b,976c13ef-8ebd-4b69-acae-0d070f6cd590,59,53,-6,49.5,49.5,0,false,false,false,false,false,false
U3,moisturizer,balm_candidate_b,2ab9955d-9e7f-41fc-9751-9e313d50e492,60,54,-6,49.1,49.1,0,false,false,false,false,false,false
U3,moisturizer,balm_candidate_b,7b4a237c-7f6e-4f18-a581-9d6fcad8f92e,61,,,47.6,47.6,0,true,false,false,false,false,false
U3,sunscreen,sunscreen_completeness,fdf06871-db8e-4e73-a48c-c057c5ce925d,1,1,0,39.4,39.4,0,false,false,false,false,true,false
U3,sunscreen,sunscreen_completeness,25b2763f-529f-4b2e-a436-2e0776279c55,2,2,0,38.2,38.2,0,false,false,false,false,true,false
U3,sunscreen,sunscreen_completeness,57e4a5ec-115d-4322-85a1-7976db669700,3,3,0,35.7,35.7,0,false,false,false,false,true,false
U3,sunscreen,sunscreen_completeness,dc1ef3f3-db1b-4c3f-954a-b18343e3d9f3,4,4,0,30.8,30.8,0,false,false,false,false,true,false
U3,sunscreen,sunscreen_completeness,765b3ca1-6927-49b0-bee6-4138d03dd915,5,5,0,29,29,0,false,false,false,false,true,false
U3,sunscreen,sunscreen_completeness,336bb533-0fe4-4380-8b9f-ab16fb24b807,6,6,0,28.5,28.5,0,false,false,false,false,true,false
U3,sunscreen,sunscreen_completeness,cbcd06a2-de29-47ca-afd1-ab1d5de93903,7,7,0,26.1,26.1,0,false,false,false,false,false,false
U3,sunscreen,sunscreen_completeness,9983f167-24e7-4223-bd86-446ce6ced31b,8,8,0,25.5,25.5,0,false,false,false,false,true,false
U3,sunscreen,sunscreen_completeness,0bb742d2-df6b-49a7-8e29-8f76ae62ac0d,9,9,0,21.9,21.9,0,false,false,false,false,true,false
U3,sunscreen,sunscreen_completeness,dd326b18-ea56-45fb-8571-42186b6c9159,10,10,0,-7.9,-7.9,0,false,false,false,false,true,false
U3,sunscreen,sunscreen_completeness,2d3591f2-2216-4043-8493-a9492806ef8b,11,11,0,-12.1,-12.1,0,false,false,false,false,true,false
U4,cleanser,cleanser_structured_authority,0b59cb66-ab03-4a0d-815e-7a94a5c7ae65,1,1,0,53,53,0,false,false,false,false,false,false
U4,cleanser,cleanser_structured_authority,d4f64d02-6d35-435b-8269-b6ed7cd34bad,2,2,0,52.3,52.3,0,false,false,false,false,false,false
U4,cleanser,cleanser_structured_authority,15420430-2a68-49e2-ab53-716d9c4ff45e,3,3,0,51.8,51.8,0,false,false,false,false,false,false
U4,cleanser,cleanser_structured_authority,65a4be83-a9b7-4b1d-bd58-1b6e99cf66fc,4,4,0,51.1,51.1,0,false,false,false,false,false,false
U4,cleanser,cleanser_structured_authority,51d526de-b127-47c4-83f1-64fc1ec4aa10,5,5,0,46.7,46.7,0,false,false,false,false,false,false
U4,cleanser,cleanser_structured_authority,c8f78d00-85b9-4850-b464-e8a0d815b2d8,6,6,0,39.7,39.7,0,false,false,false,false,false,false
U4,cleanser,cleanser_structured_authority,50d8285d-9f90-4437-9427-ecc93e9fa055,7,7,0,37,37,0,false,false,false,false,false,false
U4,cleanser,cleanser_structured_authority,635aa0fd-aabb-495e-b68f-42b1135df544,8,8,0,34,34,0,false,false,false,false,false,false
U4,cleanser,cleanser_structured_authority,5448b8c3-cf87-4561-a699-3baf3dcb3dab,9,9,0,22.2,22.2,0,false,false,false,false,false,false
U4,cleanser,cleanser_structured_authority,8889342d-d9a2-454b-aa27-60d4934b9978,10,10,0,19.2,19.2,0,false,false,false,false,false,false
U4,cleanser,cleanser_structured_authority,f2a697ce-43d9-4a9a-b110-1f332bc29b50,11,11,0,16.1,16.1,0,false,false,false,false,false,false
U4,cleanser,cleanser_structured_authority,d0b4789c-bc0a-46e1-8317-ce498377333e,12,12,0,15.5,15.5,0,false,false,false,false,false,false
U4,cleanser,cleanser_structured_authority,d7bb44e4-d585-41ca-8a74-04781470d1de,13,13,0,13.8,13.8,0,false,false,false,false,false,false
U4,cleanser,cleanser_structured_authority,b46ca581-7a4e-4cf1-b599-b9fdc026885d,14,14,0,13.3,13.3,0,false,false,false,false,false,false
U4,cleanser,cleanser_structured_authority,0bced9fe-aa08-4982-bb4a-03fb9ed509c1,15,15,0,12.2,12.2,0,false,false,false,false,false,false
U4,cleanser,cleanser_structured_authority,e6c3f88c-6908-401f-83d1-a5164f1dd60a,16,16,0,11.4,11.4,0,false,false,false,false,false,false
U4,cleanser,cleanser_structured_authority,3f83bb85-cc53-4aa0-a0f0-e08535288749,17,17,0,10.8,10.8,0,false,false,false,false,false,false
U4,cleanser,cleanser_structured_authority,fbe265d2-8457-4c4f-96e2-7a08be0e5073,18,18,0,9.8,9.8,0,false,false,false,false,false,false
U4,cleanser,cleanser_structured_authority,2fddc273-d7ee-4034-a399-3bfd2cfcafd4,19,19,0,9.7,9.7,0,false,false,false,false,false,false
U4,cleanser,cleanser_structured_authority,63300ce0-9bb7-4ce5-98d5-5c59ae283cda,20,20,0,8,8,0,false,false,false,false,false,false
U4,cleanser,cleanser_structured_authority,009e0339-fa00-429e-a1c2-2a23eb4707f8,21,21,0,7.6,7.6,0,false,false,false,false,false,false
U4,cleanser,cleanser_structured_authority,0def9373-087e-4998-8ef1-7f4cbdac40e4,22,22,0,6.7,6.7,0,false,false,false,false,false,false
U4,cleanser,cleanser_structured_authority,cd3b66be-cddc-47e1-906f-a871dea84412,23,23,0,5.6,5.6,0,false,false,false,false,false,false
U4,cleanser,cleanser_structured_authority,6d560546-80f1-4ccf-9d2c-34023722d2a7,24,24,0,5.2,5.2,0,false,false,false,false,false,false
U4,cleanser,cleanser_structured_authority,cb04b777-9a57-4246-9431-3018638354db,25,25,0,2.7,2.7,0,false,false,false,false,false,false
U4,cleanser,cleanser_structured_authority,9d47de96-3227-494b-a8aa-2a4a3b7959d8,26,26,0,-9.9,-9.9,0,false,false,false,false,false,false
U4,moisturizer,balm_candidate_a,c2bb9ffd-f261-4f9b-91ed-23f6cea9ada1,1,,,85.5,85.5,0,true,false,true,true,false,false
U4,moisturizer,balm_candidate_a,c67266dd-3706-4929-9196-936d1f61cbc5,2,1,-1,85.3,85.3,0,false,false,true,true,false,false
U4,moisturizer,balm_candidate_a,b1f6b527-679f-48f3-9b58-5d28ec095f2f,3,2,-1,82.3,82.3,0,false,false,true,true,false,false
U4,moisturizer,balm_candidate_a,418e2bc1-7d6c-4334-9058-7af7ce159c6c,4,3,-1,82.2,82.2,0,false,false,true,true,false,false
U4,moisturizer,balm_candidate_a,4aa41038-de5b-4125-97b0-a50e7575cc00,5,4,-1,81.7,81.7,0,false,false,true,true,false,false
U4,moisturizer,balm_candidate_a,06d1ad4b-2291-4b73-8bf4-f1f3c0226fea,6,5,-1,81.5,81.5,0,false,false,true,true,false,false
U4,moisturizer,balm_candidate_a,fd00be48-42e4-4db5-8838-e0820f147254,7,6,-1,81.1,81.1,0,false,false,true,true,false,false
U4,moisturizer,balm_candidate_a,e15a1f7e-29b3-49fd-aae4-297bf9ada4ed,8,7,-1,80.5,80.5,0,false,false,true,true,false,false
U4,moisturizer,balm_candidate_a,ffbaebea-2515-4c5f-8403-cd9a56830ae4,9,8,-1,79.9,79.9,0,false,false,true,true,false,false
U4,moisturizer,balm_candidate_a,7a98b5e7-2c1f-441a-afee-dd1c592d95bc,10,9,-1,79.1,79.1,0,false,false,true,true,false,false
U4,moisturizer,balm_candidate_a,bd98f785-15c8-4800-af64-d39c3ad873a0,11,10,-1,78.9,78.9,0,false,false,true,true,false,false
U4,moisturizer,balm_candidate_a,b639c8b4-6a61-440e-b4db-fac7381593ff,12,11,-1,78.8,78.8,0,false,false,true,true,false,false
U4,moisturizer,balm_candidate_a,d5093dae-ce2f-4681-9811-2052e1779ff3,13,12,-1,78.5,78.5,0,false,false,true,true,false,false
U4,moisturizer,balm_candidate_a,37f18d02-adfd-4c72-b267-8e8facb1c5d1,14,13,-1,78.5,78.5,0,false,false,true,true,false,false
U4,moisturizer,balm_candidate_a,97deb2cc-2fae-4dbb-8253-03170e197002,15,14,-1,78.2,78.2,0,false,false,true,true,false,false
U4,moisturizer,balm_candidate_a,ae72c231-3629-4272-8c16-9ca4372e3985,16,15,-1,78.2,78.2,0,false,false,true,true,false,false
U4,moisturizer,balm_candidate_a,cd0022c9-a80e-4f57-876b-79e1cb311a15,17,,,77.8,77.8,0,true,false,true,true,false,false
U4,moisturizer,balm_candidate_a,3fe73499-c2a9-4ee5-b4b5-6a60e07c6686,18,,,77.2,77.2,0,true,false,true,true,false,false
U4,moisturizer,balm_candidate_a,93d11022-2b8c-4a72-a3a1-9f69655b9e91,19,16,-3,76.4,76.4,0,false,false,true,true,false,false
U4,moisturizer,balm_candidate_a,a59880f2-be88-4938-9958-254b87fd37ea,20,17,-3,76.3,76.3,0,false,false,true,true,false,false
U4,moisturizer,balm_candidate_a,9a98cc54-6238-4ed6-91d0-200f5203f46c,21,18,-3,75.9,75.9,0,false,false,true,true,false,false
U4,moisturizer,balm_candidate_a,2d52e270-0429-4c5f-89dd-5c608b92fe8c,22,19,-3,75.4,75.4,0,false,false,true,true,false,false
U4,moisturizer,balm_candidate_a,b72b0570-ee3f-4692-b45f-633b46ae3b64,23,,,75.3,75.3,0,true,false,true,true,false,false
U4,moisturizer,balm_candidate_a,615c6866-b1ea-48d3-adbe-fbe1831dc6f1,24,20,-4,75.1,75.1,0,false,false,true,true,false,false
U4,moisturizer,balm_candidate_a,7a58897d-bc51-47e8-ba8d-60322b5f8f3d,25,21,-4,74.9,74.9,0,false,false,true,true,false,false
U4,moisturizer,balm_candidate_a,ef252acf-cfe2-4b2b-a223-80064be88e52,26,22,-4,74.1,74.1,0,false,false,true,true,false,false
U4,moisturizer,balm_candidate_a,d4e752ca-81bb-49bf-b74d-03d388830f47,27,23,-4,74,74,0,false,false,true,true,false,false
U4,moisturizer,balm_candidate_a,65a4c320-4815-4488-b031-b0a06b4702ca,28,24,-4,73.7,73.7,0,false,false,true,true,false,false
U4,moisturizer,balm_candidate_a,8c2c12e7-2fa6-4230-bee6-958a4dc9dc97,29,,,73.3,73.3,0,true,false,true,true,false,false
U4,moisturizer,balm_candidate_a,637782f6-709e-45e3-a886-a279c142667d,30,,,71.7,71.7,0,true,false,true,true,false,false
U4,moisturizer,balm_candidate_a,36b7d8f7-eb23-4fdb-a510-99ad4b64eb0e,31,,,71.7,71.7,0,true,false,true,true,false,false
U4,moisturizer,balm_candidate_a,4c7af697-1413-4b7d-a89e-6edd2bd5f40c,32,,,71.4,71.4,0,true,false,true,true,false,false
U4,moisturizer,balm_candidate_a,976c13ef-8ebd-4b69-acae-0d070f6cd590,33,25,-8,71.4,71.4,0,false,false,true,true,false,false
U4,moisturizer,balm_candidate_a,3e8c269e-17d8-47ec-a51d-9eada96461f4,34,,,70.4,70.4,0,true,false,true,true,false,false
U4,moisturizer,balm_candidate_a,e4f25cfc-293d-47f8-8eea-70e4b0ec1c7b,35,26,-9,70.1,70.1,0,false,false,true,true,false,false
U4,moisturizer,balm_candidate_a,49a483f3-9232-4b58-a91b-ddb5ea2f973e,36,,,69.3,69.3,0,true,false,true,true,false,false
U4,moisturizer,balm_candidate_a,f0bea751-1439-4f32-b9e9-1e204c5dd64e,37,,,68.2,68.2,0,true,false,true,true,false,false
U4,moisturizer,balm_candidate_a,358bb655-d0e8-4bbf-93c0-58eea5b5d7ae,38,27,-11,67.3,67.3,0,false,false,true,true,false,false
U4,moisturizer,balm_candidate_a,5116d78d-0118-42b1-acc8-1ee384624725,39,28,-11,66.5,66.5,0,false,false,true,true,false,false
U4,moisturizer,balm_candidate_a,d35a03e7-4974-4eef-ad9d-c2e909622c6c,40,,,66.4,66.4,0,true,false,true,true,false,false
U4,moisturizer,balm_candidate_a,24103bd1-c7ba-4cc9-b9b9-8129c6452232,41,29,-12,65.9,65.9,0,false,false,true,true,false,false
U4,moisturizer,balm_candidate_a,de9fbe7f-e28b-4a8e-bbf6-536d3aa2a2c4,42,30,-12,65.4,65.4,0,false,false,true,true,false,false
U4,moisturizer,balm_candidate_a,5848640c-84ca-4079-9d9e-8f3113159fe1,43,31,-12,63.9,63.9,0,false,false,true,true,false,false
U4,moisturizer,balm_candidate_a,15b45c92-8b35-493a-8329-bc6b4ab5a53d,44,32,-12,62.8,62.8,0,false,false,true,true,false,false
U4,moisturizer,balm_candidate_a,d0319209-502b-4c85-be54-392600ff6b23,45,33,-12,61.7,61.7,0,false,false,true,true,false,false
U4,moisturizer,balm_candidate_a,3f12f933-9525-4ee1-80c5-257daf40d902,46,34,-12,58.3,58.3,0,false,false,true,true,false,false
U4,moisturizer,balm_candidate_a,03f5a72b-6c9a-4487-a3a9-39d1e6afa7bb,47,35,-12,54.3,54.3,0,false,false,true,true,false,false
U4,moisturizer,balm_candidate_a,7b4a237c-7f6e-4f18-a581-9d6fcad8f92e,48,,,49.7,49.7,0,true,false,true,true,false,false
U4,moisturizer,balm_candidate_a,deaacf29-585c-4e1b-a7c3-73a243e69c2e,49,36,-13,49.6,49.6,0,false,false,true,true,false,false
U4,moisturizer,balm_candidate_a,e8d1bb9d-1a8b-430b-a79d-79d16b18ce5e,50,37,-13,48.8,48.8,0,false,false,true,true,false,false
U4,moisturizer,balm_candidate_a,9e727419-40e6-4c61-b44c-609507b7b822,51,38,-13,48.7,48.7,0,false,false,true,true,false,false
U4,moisturizer,balm_candidate_a,2ab9955d-9e7f-41fc-9751-9e313d50e492,52,39,-13,47,47,0,false,false,true,true,false,false
U4,moisturizer,balm_candidate_a,1f20944c-5a86-4748-8daf-7d57259ea6c0,53,40,-13,46.1,46.1,0,false,false,true,true,false,false
U4,moisturizer,balm_candidate_a,47a8a197-40d4-41df-b1ed-7f85eb458a3d,54,41,-13,45.6,45.6,0,false,false,true,true,false,false
U4,moisturizer,balm_candidate_a,d2141a9d-3975-4d93-83f7-a4814c9c6a57,55,42,-13,42.7,42.7,0,false,false,true,true,false,false
U4,moisturizer,balm_candidate_a,173c63a8-a40d-4d1e-acb6-a7944d66ec43,56,43,-13,41.8,41.8,0,false,false,true,true,false,false
U4,moisturizer,balm_candidate_a,df3ab2f1-a4bf-46f9-aaff-df3665156b37,57,44,-13,41.1,41.1,0,false,false,true,true,false,false
U4,moisturizer,balm_candidate_a,1eb7b437-b527-44e4-b4c2-5d56dc26d2d3,58,45,-13,40.9,40.9,0,false,false,true,true,false,false
U4,moisturizer,balm_candidate_a,c7839904-2245-4a86-922c-4d59cf8df0b3,59,46,-13,40.2,40.2,0,false,false,true,true,false,false
U4,moisturizer,balm_candidate_a,4cbd41f3-1357-42c6-a6c7-6df0e90d54a7,60,47,-13,37.7,37.7,0,false,false,true,true,false,false
U4,moisturizer,balm_candidate_a,af70acaa-24b0-45eb-b82b-3c3b9f6d589f,61,48,-13,35.8,35.8,0,false,false,true,true,false,false
U4,moisturizer,balm_candidate_b,c2bb9ffd-f261-4f9b-91ed-23f6cea9ada1,1,,,85.5,85.5,0,true,false,true,true,false,false
U4,moisturizer,balm_candidate_b,c67266dd-3706-4929-9196-936d1f61cbc5,2,1,-1,85.3,85.3,0,false,false,true,true,false,false
U4,moisturizer,balm_candidate_b,b1f6b527-679f-48f3-9b58-5d28ec095f2f,3,2,-1,82.3,82.3,0,false,false,true,true,false,false
U4,moisturizer,balm_candidate_b,418e2bc1-7d6c-4334-9058-7af7ce159c6c,4,3,-1,82.2,82.2,0,false,false,true,true,false,false
U4,moisturizer,balm_candidate_b,4aa41038-de5b-4125-97b0-a50e7575cc00,5,4,-1,81.7,81.7,0,false,false,true,true,false,false
U4,moisturizer,balm_candidate_b,06d1ad4b-2291-4b73-8bf4-f1f3c0226fea,6,5,-1,81.5,81.5,0,false,false,true,true,false,false
U4,moisturizer,balm_candidate_b,fd00be48-42e4-4db5-8838-e0820f147254,7,6,-1,81.1,81.1,0,false,false,true,true,false,false
U4,moisturizer,balm_candidate_b,e15a1f7e-29b3-49fd-aae4-297bf9ada4ed,8,7,-1,80.5,80.5,0,false,false,true,true,false,false
U4,moisturizer,balm_candidate_b,ffbaebea-2515-4c5f-8403-cd9a56830ae4,9,8,-1,79.9,79.9,0,false,false,true,true,false,false
U4,moisturizer,balm_candidate_b,7a98b5e7-2c1f-441a-afee-dd1c592d95bc,10,9,-1,79.1,79.1,0,false,false,true,true,false,false
U4,moisturizer,balm_candidate_b,bd98f785-15c8-4800-af64-d39c3ad873a0,11,10,-1,78.9,78.9,0,false,false,true,true,false,false
U4,moisturizer,balm_candidate_b,b639c8b4-6a61-440e-b4db-fac7381593ff,12,11,-1,78.8,78.8,0,false,false,true,true,false,false
U4,moisturizer,balm_candidate_b,d5093dae-ce2f-4681-9811-2052e1779ff3,13,12,-1,78.5,78.5,0,false,false,true,true,false,false
U4,moisturizer,balm_candidate_b,37f18d02-adfd-4c72-b267-8e8facb1c5d1,14,13,-1,78.5,78.5,0,false,false,true,true,false,false
U4,moisturizer,balm_candidate_b,97deb2cc-2fae-4dbb-8253-03170e197002,15,14,-1,78.2,78.2,0,false,false,true,true,false,false
U4,moisturizer,balm_candidate_b,ae72c231-3629-4272-8c16-9ca4372e3985,16,15,-1,78.2,78.2,0,false,false,true,true,false,false
U4,moisturizer,balm_candidate_b,cd0022c9-a80e-4f57-876b-79e1cb311a15,17,16,-1,77.8,77.8,0,false,false,true,true,false,false
U4,moisturizer,balm_candidate_b,3fe73499-c2a9-4ee5-b4b5-6a60e07c6686,18,17,-1,77.2,77.2,0,false,false,true,true,false,false
U4,moisturizer,balm_candidate_b,93d11022-2b8c-4a72-a3a1-9f69655b9e91,19,18,-1,76.4,76.4,0,false,false,true,true,false,false
U4,moisturizer,balm_candidate_b,a59880f2-be88-4938-9958-254b87fd37ea,20,19,-1,76.3,76.3,0,false,false,true,true,false,false
U4,moisturizer,balm_candidate_b,9a98cc54-6238-4ed6-91d0-200f5203f46c,21,20,-1,75.9,75.9,0,false,false,true,true,false,false
U4,moisturizer,balm_candidate_b,2d52e270-0429-4c5f-89dd-5c608b92fe8c,22,21,-1,75.4,75.4,0,false,false,true,true,false,false
U4,moisturizer,balm_candidate_b,b72b0570-ee3f-4692-b45f-633b46ae3b64,23,,,75.3,75.3,0,true,false,true,true,false,false
U4,moisturizer,balm_candidate_b,615c6866-b1ea-48d3-adbe-fbe1831dc6f1,24,22,-2,75.1,75.1,0,false,false,true,true,false,false
U4,moisturizer,balm_candidate_b,7a58897d-bc51-47e8-ba8d-60322b5f8f3d,25,23,-2,74.9,74.9,0,false,false,true,true,false,false
U4,moisturizer,balm_candidate_b,ef252acf-cfe2-4b2b-a223-80064be88e52,26,24,-2,74.1,74.1,0,false,false,true,true,false,false
U4,moisturizer,balm_candidate_b,d4e752ca-81bb-49bf-b74d-03d388830f47,27,25,-2,74,74,0,false,false,true,true,false,false
U4,moisturizer,balm_candidate_b,65a4c320-4815-4488-b031-b0a06b4702ca,28,26,-2,73.7,73.7,0,false,false,true,true,false,false
U4,moisturizer,balm_candidate_b,8c2c12e7-2fa6-4230-bee6-958a4dc9dc97,29,27,-2,73.3,73.3,0,false,false,true,true,false,false
U4,moisturizer,balm_candidate_b,637782f6-709e-45e3-a886-a279c142667d,30,,,71.7,71.7,0,true,false,true,true,false,false
U4,moisturizer,balm_candidate_b,36b7d8f7-eb23-4fdb-a510-99ad4b64eb0e,31,,,71.7,71.7,0,true,false,true,true,false,false
U4,moisturizer,balm_candidate_b,4c7af697-1413-4b7d-a89e-6edd2bd5f40c,32,,,71.4,71.4,0,true,false,true,true,false,false
U4,moisturizer,balm_candidate_b,976c13ef-8ebd-4b69-acae-0d070f6cd590,33,28,-5,71.4,71.4,0,false,false,true,true,false,false
U4,moisturizer,balm_candidate_b,3e8c269e-17d8-47ec-a51d-9eada96461f4,34,29,-5,70.4,70.4,0,false,false,true,true,false,false
U4,moisturizer,balm_candidate_b,e4f25cfc-293d-47f8-8eea-70e4b0ec1c7b,35,30,-5,70.1,70.1,0,false,false,true,true,false,false
U4,moisturizer,balm_candidate_b,49a483f3-9232-4b58-a91b-ddb5ea2f973e,36,,,69.3,69.3,0,true,false,true,true,false,false
U4,moisturizer,balm_candidate_b,f0bea751-1439-4f32-b9e9-1e204c5dd64e,37,31,-6,68.2,68.2,0,false,false,true,true,false,false
U4,moisturizer,balm_candidate_b,358bb655-d0e8-4bbf-93c0-58eea5b5d7ae,38,32,-6,67.3,67.3,0,false,false,true,true,false,false
U4,moisturizer,balm_candidate_b,5116d78d-0118-42b1-acc8-1ee384624725,39,33,-6,66.5,66.5,0,false,false,true,true,false,false
U4,moisturizer,balm_candidate_b,d35a03e7-4974-4eef-ad9d-c2e909622c6c,40,34,-6,66.4,66.4,0,false,false,true,true,false,false
U4,moisturizer,balm_candidate_b,24103bd1-c7ba-4cc9-b9b9-8129c6452232,41,35,-6,65.9,65.9,0,false,false,true,true,false,false
U4,moisturizer,balm_candidate_b,de9fbe7f-e28b-4a8e-bbf6-536d3aa2a2c4,42,36,-6,65.4,65.4,0,false,false,true,true,false,false
U4,moisturizer,balm_candidate_b,5848640c-84ca-4079-9d9e-8f3113159fe1,43,37,-6,63.9,63.9,0,false,false,true,true,false,false
U4,moisturizer,balm_candidate_b,15b45c92-8b35-493a-8329-bc6b4ab5a53d,44,38,-6,62.8,62.8,0,false,false,true,true,false,false
U4,moisturizer,balm_candidate_b,d0319209-502b-4c85-be54-392600ff6b23,45,39,-6,61.7,61.7,0,false,false,true,true,false,false
U4,moisturizer,balm_candidate_b,3f12f933-9525-4ee1-80c5-257daf40d902,46,40,-6,58.3,58.3,0,false,false,true,true,false,false
U4,moisturizer,balm_candidate_b,03f5a72b-6c9a-4487-a3a9-39d1e6afa7bb,47,41,-6,54.3,54.3,0,false,false,true,true,false,false
U4,moisturizer,balm_candidate_b,7b4a237c-7f6e-4f18-a581-9d6fcad8f92e,48,,,49.7,49.7,0,true,false,true,true,false,false
U4,moisturizer,balm_candidate_b,deaacf29-585c-4e1b-a7c3-73a243e69c2e,49,42,-7,49.6,49.6,0,false,false,true,true,false,false
U4,moisturizer,balm_candidate_b,e8d1bb9d-1a8b-430b-a79d-79d16b18ce5e,50,43,-7,48.8,48.8,0,false,false,true,true,false,false
U4,moisturizer,balm_candidate_b,9e727419-40e6-4c61-b44c-609507b7b822,51,44,-7,48.7,48.7,0,false,false,true,true,false,false
U4,moisturizer,balm_candidate_b,2ab9955d-9e7f-41fc-9751-9e313d50e492,52,45,-7,47,47,0,false,false,true,true,false,false
U4,moisturizer,balm_candidate_b,1f20944c-5a86-4748-8daf-7d57259ea6c0,53,46,-7,46.1,46.1,0,false,false,true,true,false,false
U4,moisturizer,balm_candidate_b,47a8a197-40d4-41df-b1ed-7f85eb458a3d,54,47,-7,45.6,45.6,0,false,false,true,true,false,false
U4,moisturizer,balm_candidate_b,d2141a9d-3975-4d93-83f7-a4814c9c6a57,55,48,-7,42.7,42.7,0,false,false,true,true,false,false
U4,moisturizer,balm_candidate_b,173c63a8-a40d-4d1e-acb6-a7944d66ec43,56,49,-7,41.8,41.8,0,false,false,true,true,false,false
U4,moisturizer,balm_candidate_b,df3ab2f1-a4bf-46f9-aaff-df3665156b37,57,50,-7,41.1,41.1,0,false,false,true,true,false,false
U4,moisturizer,balm_candidate_b,1eb7b437-b527-44e4-b4c2-5d56dc26d2d3,58,51,-7,40.9,40.9,0,false,false,true,true,false,false
U4,moisturizer,balm_candidate_b,c7839904-2245-4a86-922c-4d59cf8df0b3,59,52,-7,40.2,40.2,0,false,false,true,true,false,false
U4,moisturizer,balm_candidate_b,4cbd41f3-1357-42c6-a6c7-6df0e90d54a7,60,53,-7,37.7,37.7,0,false,false,true,true,false,false
U4,moisturizer,balm_candidate_b,af70acaa-24b0-45eb-b82b-3c3b9f6d589f,61,54,-7,35.8,35.8,0,false,false,true,true,false,false
U4,sunscreen,sunscreen_completeness,25b2763f-529f-4b2e-a436-2e0776279c55,1,1,0,73.6,73.6,0,false,false,false,false,true,false
U4,sunscreen,sunscreen_completeness,336bb533-0fe4-4380-8b9f-ab16fb24b807,2,2,0,63.5,63.5,0,false,false,false,false,true,false
U4,sunscreen,sunscreen_completeness,dd326b18-ea56-45fb-8571-42186b6c9159,3,3,0,60.4,60.4,0,false,false,false,false,true,false
U4,sunscreen,sunscreen_completeness,0bb742d2-df6b-49a7-8e29-8f76ae62ac0d,4,4,0,55.6,55.6,0,false,false,false,false,true,false
U4,sunscreen,sunscreen_completeness,fdf06871-db8e-4e73-a48c-c057c5ce925d,5,5,0,54.5,54.5,0,false,false,false,false,true,false
U4,sunscreen,sunscreen_completeness,2d3591f2-2216-4043-8493-a9492806ef8b,6,6,0,47.6,47.6,0,false,false,false,false,true,false
U4,sunscreen,sunscreen_completeness,dc1ef3f3-db1b-4c3f-954a-b18343e3d9f3,7,7,0,39.9,39.9,0,false,false,false,false,true,false
U4,sunscreen,sunscreen_completeness,57e4a5ec-115d-4322-85a1-7976db669700,8,8,0,39.4,39.4,0,false,false,false,false,true,false
U4,sunscreen,sunscreen_completeness,765b3ca1-6927-49b0-bee6-4138d03dd915,9,9,0,39.2,39.2,0,false,false,false,false,true,false
U4,sunscreen,sunscreen_completeness,9983f167-24e7-4223-bd86-446ce6ced31b,10,10,0,36.5,36.5,0,false,false,false,false,true,false
U4,sunscreen,sunscreen_completeness,cbcd06a2-de29-47ca-afd1-ab1d5de93903,11,11,0,-5.5,-5.5,0,false,false,false,false,false,false
U5,cleanser,cleanser_structured_authority,0b59cb66-ab03-4a0d-815e-7a94a5c7ae65,1,1,0,74.5,74.5,0,false,false,false,false,false,false
U5,cleanser,cleanser_structured_authority,d4f64d02-6d35-435b-8269-b6ed7cd34bad,2,2,0,74.1,74.1,0,false,false,false,false,false,false
U5,cleanser,cleanser_structured_authority,15420430-2a68-49e2-ab53-716d9c4ff45e,3,3,0,73.3,73.3,0,false,false,false,false,false,false
U5,cleanser,cleanser_structured_authority,65a4be83-a9b7-4b1d-bd58-1b6e99cf66fc,4,4,0,72.6,72.6,0,false,false,false,false,false,false
U5,cleanser,cleanser_structured_authority,c8f78d00-85b9-4850-b464-e8a0d815b2d8,5,5,0,65.5,65.5,0,false,false,false,false,false,false
U5,cleanser,cleanser_structured_authority,51d526de-b127-47c4-83f1-64fc1ec4aa10,6,6,0,64.2,64.2,0,false,false,false,false,false,false
U5,cleanser,cleanser_structured_authority,d7bb44e4-d585-41ca-8a74-04781470d1de,7,7,0,63.8,63.8,0,false,false,false,false,false,false
U5,cleanser,cleanser_structured_authority,50d8285d-9f90-4437-9427-ecc93e9fa055,8,8,0,63,63,0,false,false,false,false,false,false
U5,cleanser,cleanser_structured_authority,635aa0fd-aabb-495e-b68f-42b1135df544,9,9,0,55.3,55.3,0,false,false,false,false,false,false
U5,cleanser,cleanser_structured_authority,6d560546-80f1-4ccf-9d2c-34023722d2a7,10,10,0,54.5,54.5,0,false,false,false,false,false,false
U5,cleanser,cleanser_structured_authority,cb04b777-9a57-4246-9431-3018638354db,11,11,0,48.3,48.3,0,false,false,false,false,false,false
U5,cleanser,cleanser_structured_authority,cd3b66be-cddc-47e1-906f-a871dea84412,12,12,0,43,43,0,false,false,false,false,false,false
U5,cleanser,cleanser_structured_authority,0def9373-087e-4998-8ef1-7f4cbdac40e4,13,13,0,41.4,41.4,0,false,false,false,false,false,false
U5,cleanser,cleanser_structured_authority,5448b8c3-cf87-4561-a699-3baf3dcb3dab,14,14,0,40.7,40.7,0,false,false,false,false,false,false
U5,cleanser,cleanser_structured_authority,8889342d-d9a2-454b-aa27-60d4934b9978,15,15,0,36.8,36.8,0,false,false,false,false,false,false
U5,cleanser,cleanser_structured_authority,0bced9fe-aa08-4982-bb4a-03fb9ed509c1,16,18,2,26,8,-18,false,true,false,false,false,false
U5,cleanser,cleanser_structured_authority,fbe265d2-8457-4c4f-96e2-7a08be0e5073,17,16,-1,23.8,23.8,0,false,false,false,false,false,false
U5,cleanser,cleanser_structured_authority,f2a697ce-43d9-4a9a-b110-1f332bc29b50,18,19,1,13.1,-4.9,-18,false,true,false,false,false,false
U5,cleanser,cleanser_structured_authority,d0b4789c-bc0a-46e1-8317-ce498377333e,19,17,-2,11.1,11.1,0,false,false,false,false,false,false
U5,cleanser,cleanser_structured_authority,b46ca581-7a4e-4cf1-b599-b9fdc026885d,20,20,0,9.8,-8.2,-18,false,true,false,false,false,false
U5,cleanser,cleanser_structured_authority,3f83bb85-cc53-4aa0-a0f0-e08535288749,21,21,0,7.1,-10.9,-18,false,true,false,false,false,false
U5,cleanser,cleanser_structured_authority,2fddc273-d7ee-4034-a399-3bfd2cfcafd4,22,22,0,6,-12,-18,false,true,false,false,false,false
U5,cleanser,cleanser_structured_authority,e6c3f88c-6908-401f-83d1-a5164f1dd60a,23,23,0,4.9,-13.1,-18,false,true,false,false,false,false
U5,cleanser,cleanser_structured_authority,63300ce0-9bb7-4ce5-98d5-5c59ae283cda,24,24,0,3.6,-14.4,-18,false,true,false,false,false,false
U5,cleanser,cleanser_structured_authority,009e0339-fa00-429e-a1c2-2a23eb4707f8,25,25,0,1.8,-16.2,-18,false,true,false,false,false,false
U5,cleanser,cleanser_structured_authority,9d47de96-3227-494b-a8aa-2a4a3b7959d8,26,26,0,-2,-20,-18,false,true,false,false,false,false
U5,moisturizer,balm_candidate_a,bd98f785-15c8-4800-af64-d39c3ad873a0,1,1,0,92.5,92.5,0,false,false,false,false,false,false
U5,moisturizer,balm_candidate_a,97deb2cc-2fae-4dbb-8253-03170e197002,2,2,0,91.8,91.8,0,false,false,false,false,false,false
U5,moisturizer,balm_candidate_a,65a4c320-4815-4488-b031-b0a06b4702ca,3,3,0,91.5,91.5,0,false,false,false,false,false,false
U5,moisturizer,balm_candidate_a,ae72c231-3629-4272-8c16-9ca4372e3985,4,4,0,91.5,91.5,0,false,false,false,false,false,false
U5,moisturizer,balm_candidate_a,c67266dd-3706-4929-9196-936d1f61cbc5,5,5,0,91.1,91.1,0,false,false,false,false,false,false
U5,moisturizer,balm_candidate_a,ffbaebea-2515-4c5f-8403-cd9a56830ae4,6,6,0,89.5,89.5,0,false,false,false,false,false,false
U5,moisturizer,balm_candidate_a,9a98cc54-6238-4ed6-91d0-200f5203f46c,7,7,0,89.4,89.4,0,false,false,false,false,false,false
U5,moisturizer,balm_candidate_a,615c6866-b1ea-48d3-adbe-fbe1831dc6f1,8,8,0,88.7,88.7,0,false,false,false,false,false,false
U5,moisturizer,balm_candidate_a,7a58897d-bc51-47e8-ba8d-60322b5f8f3d,9,9,0,88.5,88.5,0,false,false,false,false,false,false
U5,moisturizer,balm_candidate_a,93d11022-2b8c-4a72-a3a1-9f69655b9e91,10,10,0,88.1,88.1,0,false,false,false,false,false,false
U5,moisturizer,balm_candidate_a,b1f6b527-679f-48f3-9b58-5d28ec095f2f,11,11,0,88.1,88.1,0,false,false,false,false,false,false
U5,moisturizer,balm_candidate_a,d4e752ca-81bb-49bf-b74d-03d388830f47,12,12,0,87.8,87.8,0,false,false,false,false,false,false
U5,moisturizer,balm_candidate_a,e4f25cfc-293d-47f8-8eea-70e4b0ec1c7b,13,13,0,87.7,87.7,0,false,false,false,false,false,false
U5,moisturizer,balm_candidate_a,24103bd1-c7ba-4cc9-b9b9-8129c6452232,14,14,0,85.4,85.4,0,false,false,false,false,false,false
U5,moisturizer,balm_candidate_a,de9fbe7f-e28b-4a8e-bbf6-536d3aa2a2c4,15,15,0,85.1,85.1,0,false,false,false,false,false,false
U5,moisturizer,balm_candidate_a,5116d78d-0118-42b1-acc8-1ee384624725,16,16,0,84.3,84.3,0,false,false,false,false,false,false
U5,moisturizer,balm_candidate_a,a59880f2-be88-4938-9958-254b87fd37ea,17,17,0,84,84,0,false,false,false,false,false,false
U5,moisturizer,balm_candidate_a,5848640c-84ca-4079-9d9e-8f3113159fe1,18,18,0,83.9,83.9,0,false,false,false,false,false,false
U5,moisturizer,balm_candidate_a,358bb655-d0e8-4bbf-93c0-58eea5b5d7ae,19,19,0,83.1,83.1,0,false,false,false,false,false,false
U5,moisturizer,balm_candidate_a,15b45c92-8b35-493a-8329-bc6b4ab5a53d,20,20,0,82.8,82.8,0,false,false,false,false,false,false
U5,moisturizer,balm_candidate_a,b72b0570-ee3f-4692-b45f-633b46ae3b64,21,,,82.4,82.4,0,true,false,false,false,false,false
U5,moisturizer,balm_candidate_a,418e2bc1-7d6c-4334-9058-7af7ce159c6c,22,21,-1,81.8,81.8,0,false,false,false,false,false,false
U5,moisturizer,balm_candidate_a,d0319209-502b-4c85-be54-392600ff6b23,23,22,-1,80.8,80.8,0,false,false,false,false,false,false
U5,moisturizer,balm_candidate_a,3f12f933-9525-4ee1-80c5-257daf40d902,24,23,-1,79.9,79.9,0,false,false,false,false,false,false
U5,moisturizer,balm_candidate_a,7a98b5e7-2c1f-441a-afee-dd1c592d95bc,25,24,-1,79.1,79.1,0,false,false,false,false,false,false
U5,moisturizer,balm_candidate_a,06d1ad4b-2291-4b73-8bf4-f1f3c0226fea,26,25,-1,78.7,78.7,0,false,false,false,false,false,false
U5,moisturizer,balm_candidate_a,37f18d02-adfd-4c72-b267-8e8facb1c5d1,27,26,-1,75.8,75.8,0,false,false,false,false,false,false
U5,moisturizer,balm_candidate_a,173c63a8-a40d-4d1e-acb6-a7944d66ec43,28,27,-1,75.2,75.2,0,false,false,false,false,false,false
U5,moisturizer,balm_candidate_a,c7839904-2245-4a86-922c-4d59cf8df0b3,29,28,-1,74.4,74.4,0,false,false,false,false,false,false
U5,moisturizer,balm_candidate_a,1eb7b437-b527-44e4-b4c2-5d56dc26d2d3,30,29,-1,74.3,74.3,0,false,false,false,false,false,false
U5,moisturizer,balm_candidate_a,deaacf29-585c-4e1b-a7c3-73a243e69c2e,31,30,-1,73.8,73.8,0,false,false,false,false,false,false
U5,moisturizer,balm_candidate_a,b639c8b4-6a61-440e-b4db-fac7381593ff,32,31,-1,73.2,73.2,0,false,false,false,false,false,false
U5,moisturizer,balm_candidate_a,df3ab2f1-a4bf-46f9-aaff-df3665156b37,33,32,-1,73.1,73.1,0,false,false,false,false,false,false
U5,moisturizer,balm_candidate_a,c2bb9ffd-f261-4f9b-91ed-23f6cea9ada1,34,,,73.1,73.1,0,true,false,false,false,false,false
U5,moisturizer,balm_candidate_a,e8d1bb9d-1a8b-430b-a79d-79d16b18ce5e,35,33,-2,72.7,72.7,0,false,false,false,false,false,false
U5,moisturizer,balm_candidate_a,2d52e270-0429-4c5f-89dd-5c608b92fe8c,36,34,-2,72.7,72.7,0,false,false,false,false,false,false
U5,moisturizer,balm_candidate_a,1f20944c-5a86-4748-8daf-7d57259ea6c0,37,35,-2,71.9,71.9,0,false,false,false,false,false,false
U5,moisturizer,balm_candidate_a,ef252acf-cfe2-4b2b-a223-80064be88e52,38,36,-2,71.7,71.7,0,false,false,false,false,false,false
U5,moisturizer,balm_candidate_a,d2141a9d-3975-4d93-83f7-a4814c9c6a57,39,37,-2,70.7,70.7,0,false,false,false,false,false,false
U5,moisturizer,balm_candidate_a,03f5a72b-6c9a-4487-a3a9-39d1e6afa7bb,40,38,-2,69.9,69.9,0,false,false,false,false,false,false
U5,moisturizer,balm_candidate_a,4cbd41f3-1357-42c6-a6c7-6df0e90d54a7,41,39,-2,69.7,69.7,0,false,false,false,false,false,false
U5,moisturizer,balm_candidate_a,fd00be48-42e4-4db5-8838-e0820f147254,42,40,-2,68.6,68.6,0,false,false,false,false,false,false
U5,moisturizer,balm_candidate_a,e15a1f7e-29b3-49fd-aae4-297bf9ada4ed,43,41,-2,68,68,0,false,false,false,false,false,false
U5,moisturizer,balm_candidate_a,af70acaa-24b0-45eb-b82b-3c3b9f6d589f,44,42,-2,67.5,67.5,0,false,false,false,false,false,false
U5,moisturizer,balm_candidate_a,4aa41038-de5b-4125-97b0-a50e7575cc00,45,43,-2,66.9,66.9,0,false,false,false,false,false,false
U5,moisturizer,balm_candidate_a,d5093dae-ce2f-4681-9811-2052e1779ff3,46,44,-2,65.1,65.1,0,false,false,false,false,false,false
U5,moisturizer,balm_candidate_a,cd0022c9-a80e-4f57-876b-79e1cb311a15,47,,,65.1,65.1,0,true,false,false,false,false,false
U5,moisturizer,balm_candidate_a,2ab9955d-9e7f-41fc-9751-9e313d50e492,48,45,-3,64.8,64.8,0,false,false,false,false,false,false
U5,moisturizer,balm_candidate_a,9e727419-40e6-4c61-b44c-609507b7b822,49,46,-3,64.7,64.7,0,false,false,false,false,false,false
U5,moisturizer,balm_candidate_a,976c13ef-8ebd-4b69-acae-0d070f6cd590,50,47,-3,56.2,56.2,0,false,false,false,false,false,false
U5,moisturizer,balm_candidate_a,3fe73499-c2a9-4ee5-b4b5-6a60e07c6686,51,,,49.8,49.8,0,true,false,false,false,false,false
U5,moisturizer,balm_candidate_a,4c7af697-1413-4b7d-a89e-6edd2bd5f40c,52,,,43.4,43.4,0,true,false,false,false,false,false
U5,moisturizer,balm_candidate_a,47a8a197-40d4-41df-b1ed-7f85eb458a3d,53,48,-5,40.4,40.4,0,false,false,false,false,false,false
U5,moisturizer,balm_candidate_a,637782f6-709e-45e3-a886-a279c142667d,54,,,36.5,36.5,0,true,false,false,false,false,false
U5,moisturizer,balm_candidate_a,36b7d8f7-eb23-4fdb-a510-99ad4b64eb0e,55,,,36.3,36.3,0,true,false,false,false,false,false
U5,moisturizer,balm_candidate_a,8c2c12e7-2fa6-4230-bee6-958a4dc9dc97,56,,,35.5,35.5,0,true,false,false,false,false,false
U5,moisturizer,balm_candidate_a,3e8c269e-17d8-47ec-a51d-9eada96461f4,57,,,35.2,35.2,0,true,false,false,false,false,false
U5,moisturizer,balm_candidate_a,49a483f3-9232-4b58-a91b-ddb5ea2f973e,58,,,34.1,34.1,0,true,false,false,false,false,false
U5,moisturizer,balm_candidate_a,f0bea751-1439-4f32-b9e9-1e204c5dd64e,59,,,28.3,28.3,0,true,false,false,false,false,false
U5,moisturizer,balm_candidate_a,d35a03e7-4974-4eef-ad9d-c2e909622c6c,60,,,26,26,0,true,false,false,false,false,false
U5,moisturizer,balm_candidate_a,7b4a237c-7f6e-4f18-a581-9d6fcad8f92e,61,,,23.3,23.3,0,true,false,false,false,false,false
U5,moisturizer,balm_candidate_b,bd98f785-15c8-4800-af64-d39c3ad873a0,1,1,0,92.5,92.5,0,false,false,false,false,false,false
U5,moisturizer,balm_candidate_b,97deb2cc-2fae-4dbb-8253-03170e197002,2,2,0,91.8,91.8,0,false,false,false,false,false,false
U5,moisturizer,balm_candidate_b,65a4c320-4815-4488-b031-b0a06b4702ca,3,3,0,91.5,91.5,0,false,false,false,false,false,false
U5,moisturizer,balm_candidate_b,ae72c231-3629-4272-8c16-9ca4372e3985,4,4,0,91.5,91.5,0,false,false,false,false,false,false
U5,moisturizer,balm_candidate_b,c67266dd-3706-4929-9196-936d1f61cbc5,5,5,0,91.1,91.1,0,false,false,false,false,false,false
U5,moisturizer,balm_candidate_b,ffbaebea-2515-4c5f-8403-cd9a56830ae4,6,6,0,89.5,89.5,0,false,false,false,false,false,false
U5,moisturizer,balm_candidate_b,9a98cc54-6238-4ed6-91d0-200f5203f46c,7,7,0,89.4,89.4,0,false,false,false,false,false,false
U5,moisturizer,balm_candidate_b,615c6866-b1ea-48d3-adbe-fbe1831dc6f1,8,8,0,88.7,88.7,0,false,false,false,false,false,false
U5,moisturizer,balm_candidate_b,7a58897d-bc51-47e8-ba8d-60322b5f8f3d,9,9,0,88.5,88.5,0,false,false,false,false,false,false
U5,moisturizer,balm_candidate_b,93d11022-2b8c-4a72-a3a1-9f69655b9e91,10,10,0,88.1,88.1,0,false,false,false,false,false,false
U5,moisturizer,balm_candidate_b,b1f6b527-679f-48f3-9b58-5d28ec095f2f,11,11,0,88.1,88.1,0,false,false,false,false,false,false
U5,moisturizer,balm_candidate_b,d4e752ca-81bb-49bf-b74d-03d388830f47,12,12,0,87.8,87.8,0,false,false,false,false,false,false
U5,moisturizer,balm_candidate_b,e4f25cfc-293d-47f8-8eea-70e4b0ec1c7b,13,13,0,87.7,87.7,0,false,false,false,false,false,false
U5,moisturizer,balm_candidate_b,24103bd1-c7ba-4cc9-b9b9-8129c6452232,14,14,0,85.4,85.4,0,false,false,false,false,false,false
U5,moisturizer,balm_candidate_b,de9fbe7f-e28b-4a8e-bbf6-536d3aa2a2c4,15,15,0,85.1,85.1,0,false,false,false,false,false,false
U5,moisturizer,balm_candidate_b,5116d78d-0118-42b1-acc8-1ee384624725,16,16,0,84.3,84.3,0,false,false,false,false,false,false
U5,moisturizer,balm_candidate_b,a59880f2-be88-4938-9958-254b87fd37ea,17,17,0,84,84,0,false,false,false,false,false,false
U5,moisturizer,balm_candidate_b,5848640c-84ca-4079-9d9e-8f3113159fe1,18,18,0,83.9,83.9,0,false,false,false,false,false,false
U5,moisturizer,balm_candidate_b,358bb655-d0e8-4bbf-93c0-58eea5b5d7ae,19,19,0,83.1,83.1,0,false,false,false,false,false,false
U5,moisturizer,balm_candidate_b,15b45c92-8b35-493a-8329-bc6b4ab5a53d,20,20,0,82.8,82.8,0,false,false,false,false,false,false
U5,moisturizer,balm_candidate_b,b72b0570-ee3f-4692-b45f-633b46ae3b64,21,,,82.4,82.4,0,true,false,false,false,false,false
U5,moisturizer,balm_candidate_b,418e2bc1-7d6c-4334-9058-7af7ce159c6c,22,21,-1,81.8,81.8,0,false,false,false,false,false,false
U5,moisturizer,balm_candidate_b,d0319209-502b-4c85-be54-392600ff6b23,23,22,-1,80.8,80.8,0,false,false,false,false,false,false
U5,moisturizer,balm_candidate_b,3f12f933-9525-4ee1-80c5-257daf40d902,24,23,-1,79.9,79.9,0,false,false,false,false,false,false
U5,moisturizer,balm_candidate_b,7a98b5e7-2c1f-441a-afee-dd1c592d95bc,25,24,-1,79.1,79.1,0,false,false,false,false,false,false
U5,moisturizer,balm_candidate_b,06d1ad4b-2291-4b73-8bf4-f1f3c0226fea,26,25,-1,78.7,78.7,0,false,false,false,false,false,false
U5,moisturizer,balm_candidate_b,37f18d02-adfd-4c72-b267-8e8facb1c5d1,27,26,-1,75.8,75.8,0,false,false,false,false,false,false
U5,moisturizer,balm_candidate_b,173c63a8-a40d-4d1e-acb6-a7944d66ec43,28,27,-1,75.2,75.2,0,false,false,false,false,false,false
U5,moisturizer,balm_candidate_b,c7839904-2245-4a86-922c-4d59cf8df0b3,29,28,-1,74.4,74.4,0,false,false,false,false,false,false
U5,moisturizer,balm_candidate_b,1eb7b437-b527-44e4-b4c2-5d56dc26d2d3,30,29,-1,74.3,74.3,0,false,false,false,false,false,false
U5,moisturizer,balm_candidate_b,deaacf29-585c-4e1b-a7c3-73a243e69c2e,31,30,-1,73.8,73.8,0,false,false,false,false,false,false
U5,moisturizer,balm_candidate_b,b639c8b4-6a61-440e-b4db-fac7381593ff,32,31,-1,73.2,73.2,0,false,false,false,false,false,false
U5,moisturizer,balm_candidate_b,df3ab2f1-a4bf-46f9-aaff-df3665156b37,33,32,-1,73.1,73.1,0,false,false,false,false,false,false
U5,moisturizer,balm_candidate_b,c2bb9ffd-f261-4f9b-91ed-23f6cea9ada1,34,,,73.1,73.1,0,true,false,false,false,false,false
U5,moisturizer,balm_candidate_b,e8d1bb9d-1a8b-430b-a79d-79d16b18ce5e,35,33,-2,72.7,72.7,0,false,false,false,false,false,false
U5,moisturizer,balm_candidate_b,2d52e270-0429-4c5f-89dd-5c608b92fe8c,36,34,-2,72.7,72.7,0,false,false,false,false,false,false
U5,moisturizer,balm_candidate_b,1f20944c-5a86-4748-8daf-7d57259ea6c0,37,35,-2,71.9,71.9,0,false,false,false,false,false,false
U5,moisturizer,balm_candidate_b,ef252acf-cfe2-4b2b-a223-80064be88e52,38,36,-2,71.7,71.7,0,false,false,false,false,false,false
U5,moisturizer,balm_candidate_b,d2141a9d-3975-4d93-83f7-a4814c9c6a57,39,37,-2,70.7,70.7,0,false,false,false,false,false,false
U5,moisturizer,balm_candidate_b,03f5a72b-6c9a-4487-a3a9-39d1e6afa7bb,40,38,-2,69.9,69.9,0,false,false,false,false,false,false
U5,moisturizer,balm_candidate_b,4cbd41f3-1357-42c6-a6c7-6df0e90d54a7,41,39,-2,69.7,69.7,0,false,false,false,false,false,false
U5,moisturizer,balm_candidate_b,fd00be48-42e4-4db5-8838-e0820f147254,42,40,-2,68.6,68.6,0,false,false,false,false,false,false
U5,moisturizer,balm_candidate_b,e15a1f7e-29b3-49fd-aae4-297bf9ada4ed,43,41,-2,68,68,0,false,false,false,false,false,false
U5,moisturizer,balm_candidate_b,af70acaa-24b0-45eb-b82b-3c3b9f6d589f,44,42,-2,67.5,67.5,0,false,false,false,false,false,false
U5,moisturizer,balm_candidate_b,4aa41038-de5b-4125-97b0-a50e7575cc00,45,43,-2,66.9,66.9,0,false,false,false,false,false,false
U5,moisturizer,balm_candidate_b,d5093dae-ce2f-4681-9811-2052e1779ff3,46,44,-2,65.1,65.1,0,false,false,false,false,false,false
U5,moisturizer,balm_candidate_b,cd0022c9-a80e-4f57-876b-79e1cb311a15,47,45,-2,65.1,65.1,0,false,false,false,false,false,false
U5,moisturizer,balm_candidate_b,2ab9955d-9e7f-41fc-9751-9e313d50e492,48,46,-2,64.8,64.8,0,false,false,false,false,false,false
U5,moisturizer,balm_candidate_b,9e727419-40e6-4c61-b44c-609507b7b822,49,47,-2,64.7,64.7,0,false,false,false,false,false,false
U5,moisturizer,balm_candidate_b,976c13ef-8ebd-4b69-acae-0d070f6cd590,50,48,-2,56.2,56.2,0,false,false,false,false,false,false
U5,moisturizer,balm_candidate_b,3fe73499-c2a9-4ee5-b4b5-6a60e07c6686,51,49,-2,49.8,49.8,0,false,false,false,false,false,false
U5,moisturizer,balm_candidate_b,4c7af697-1413-4b7d-a89e-6edd2bd5f40c,52,,,43.4,43.4,0,true,false,false,false,false,false
U5,moisturizer,balm_candidate_b,47a8a197-40d4-41df-b1ed-7f85eb458a3d,53,50,-3,40.4,40.4,0,false,false,false,false,false,false
U5,moisturizer,balm_candidate_b,637782f6-709e-45e3-a886-a279c142667d,54,,,36.5,36.5,0,true,false,false,false,false,false
U5,moisturizer,balm_candidate_b,36b7d8f7-eb23-4fdb-a510-99ad4b64eb0e,55,,,36.3,36.3,0,true,false,false,false,false,false
U5,moisturizer,balm_candidate_b,8c2c12e7-2fa6-4230-bee6-958a4dc9dc97,56,51,-5,35.5,35.5,0,false,false,false,false,false,false
U5,moisturizer,balm_candidate_b,3e8c269e-17d8-47ec-a51d-9eada96461f4,57,52,-5,35.2,35.2,0,false,false,false,false,false,false
U5,moisturizer,balm_candidate_b,49a483f3-9232-4b58-a91b-ddb5ea2f973e,58,,,34.1,34.1,0,true,false,false,false,false,false
U5,moisturizer,balm_candidate_b,f0bea751-1439-4f32-b9e9-1e204c5dd64e,59,53,-6,28.3,28.3,0,false,false,false,false,false,false
U5,moisturizer,balm_candidate_b,d35a03e7-4974-4eef-ad9d-c2e909622c6c,60,54,-6,26,26,0,false,false,false,false,false,false
U5,moisturizer,balm_candidate_b,7b4a237c-7f6e-4f18-a581-9d6fcad8f92e,61,,,23.3,23.3,0,true,false,false,false,false,false
U5,sunscreen,sunscreen_completeness,25b2763f-529f-4b2e-a436-2e0776279c55,1,1,0,83.3,83.3,0,false,false,false,false,true,false
U5,sunscreen,sunscreen_completeness,dc1ef3f3-db1b-4c3f-954a-b18343e3d9f3,2,2,0,78.5,78.5,0,false,false,false,false,true,false
U5,sunscreen,sunscreen_completeness,fdf06871-db8e-4e73-a48c-c057c5ce925d,3,3,0,74,74,0,false,false,false,false,true,false
U5,sunscreen,sunscreen_completeness,9983f167-24e7-4223-bd86-446ce6ced31b,4,4,0,70,70,0,false,false,false,false,true,false
U5,sunscreen,sunscreen_completeness,0bb742d2-df6b-49a7-8e29-8f76ae62ac0d,5,5,0,65.3,65.3,0,false,false,false,false,true,false
U5,sunscreen,sunscreen_completeness,336bb533-0fe4-4380-8b9f-ab16fb24b807,6,6,0,53,53,0,false,false,false,false,true,false
U5,sunscreen,sunscreen_completeness,765b3ca1-6927-49b0-bee6-4138d03dd915,7,7,0,52.9,52.9,0,false,false,false,false,true,false
U5,sunscreen,sunscreen_completeness,2d3591f2-2216-4043-8493-a9492806ef8b,8,8,0,47.3,47.3,0,false,false,false,false,true,false
U5,sunscreen,sunscreen_completeness,dd326b18-ea56-45fb-8571-42186b6c9159,9,9,0,45,45,0,false,false,false,false,true,false
U5,sunscreen,sunscreen_completeness,57e4a5ec-115d-4322-85a1-7976db669700,10,10,0,29.1,29.1,0,false,false,false,false,true,false
U5,sunscreen,sunscreen_completeness,cbcd06a2-de29-47ca-afd1-ab1d5de93903,11,11,0,17.5,17.5,0,false,false,false,false,false,false
U6,cleanser,cleanser_structured_authority,0b59cb66-ab03-4a0d-815e-7a94a5c7ae65,1,1,0,69.3,69.3,0,false,false,false,false,false,false
U6,cleanser,cleanser_structured_authority,d4f64d02-6d35-435b-8269-b6ed7cd34bad,2,2,0,68.9,68.9,0,false,false,false,false,false,false
U6,cleanser,cleanser_structured_authority,15420430-2a68-49e2-ab53-716d9c4ff45e,3,3,0,68.1,68.1,0,false,false,false,false,false,false
U6,cleanser,cleanser_structured_authority,65a4be83-a9b7-4b1d-bd58-1b6e99cf66fc,4,4,0,67.4,67.4,0,false,false,false,false,false,false
U6,cleanser,cleanser_structured_authority,c8f78d00-85b9-4850-b464-e8a0d815b2d8,5,5,0,64.3,64.3,0,false,false,false,false,false,false
U6,cleanser,cleanser_structured_authority,51d526de-b127-47c4-83f1-64fc1ec4aa10,6,6,0,63,63,0,false,false,false,false,false,false
U6,cleanser,cleanser_structured_authority,50d8285d-9f90-4437-9427-ecc93e9fa055,7,7,0,61.6,61.6,0,false,false,false,false,false,false
U6,cleanser,cleanser_structured_authority,635aa0fd-aabb-495e-b68f-42b1135df544,8,8,0,58.3,58.3,0,false,false,false,false,false,false
U6,cleanser,cleanser_structured_authority,d7bb44e4-d585-41ca-8a74-04781470d1de,9,9,0,54.4,54.4,0,false,false,false,false,false,false
U6,cleanser,cleanser_structured_authority,6d560546-80f1-4ccf-9d2c-34023722d2a7,10,10,0,45.1,45.1,0,false,false,false,false,false,false
U6,cleanser,cleanser_structured_authority,cb04b777-9a57-4246-9431-3018638354db,11,11,0,43.3,43.3,0,false,false,false,false,false,false
U6,cleanser,cleanser_structured_authority,0def9373-087e-4998-8ef1-7f4cbdac40e4,12,12,0,36,36,0,false,false,false,false,false,false
U6,cleanser,cleanser_structured_authority,5448b8c3-cf87-4561-a699-3baf3dcb3dab,13,13,0,35.5,35.5,0,false,false,false,false,false,false
U6,cleanser,cleanser_structured_authority,cd3b66be-cddc-47e1-906f-a871dea84412,14,14,0,35.2,35.2,0,false,false,false,false,false,false
U6,cleanser,cleanser_structured_authority,8889342d-d9a2-454b-aa27-60d4934b9978,15,15,0,31.8,31.8,0,false,false,false,false,false,false
U6,cleanser,cleanser_structured_authority,0bced9fe-aa08-4982-bb4a-03fb9ed509c1,16,18,2,17.1,-0.9,-18,false,true,false,false,false,false
U6,cleanser,cleanser_structured_authority,fbe265d2-8457-4c4f-96e2-7a08be0e5073,17,16,-1,14.4,14.4,0,false,false,false,false,false,false
U6,cleanser,cleanser_structured_authority,f2a697ce-43d9-4a9a-b110-1f332bc29b50,18,19,1,7.7,-10.3,-18,false,true,false,false,false,false
U6,cleanser,cleanser_structured_authority,d0b4789c-bc0a-46e1-8317-ce498377333e,19,17,-2,6.1,6.1,0,false,false,false,false,false,false
U6,cleanser,cleanser_structured_authority,b46ca581-7a4e-4cf1-b599-b9fdc026885d,20,20,0,4.6,-13.4,-18,false,true,false,false,false,false
U6,cleanser,cleanser_structured_authority,e6c3f88c-6908-401f-83d1-a5164f1dd60a,21,21,0,2,-16,-18,false,true,false,false,false,false
U6,cleanser,cleanser_structured_authority,3f83bb85-cc53-4aa0-a0f0-e08535288749,22,22,0,1.7,-16.3,-18,false,true,false,false,false,false
U6,cleanser,cleanser_structured_authority,2fddc273-d7ee-4034-a399-3bfd2cfcafd4,23,23,0,0.6,-17.4,-18,false,true,false,false,false,false
U6,cleanser,cleanser_structured_authority,63300ce0-9bb7-4ce5-98d5-5c59ae283cda,24,24,0,-1.4,-19.4,-18,false,true,false,false,false,false
U6,cleanser,cleanser_structured_authority,009e0339-fa00-429e-a1c2-2a23eb4707f8,25,25,0,-1.5,-19.5,-18,false,true,false,false,false,false
U6,cleanser,cleanser_structured_authority,9d47de96-3227-494b-a8aa-2a4a3b7959d8,26,26,0,-3,-21,-18,false,true,false,false,false,false
U6,moisturizer,balm_candidate_a,c67266dd-3706-4929-9196-936d1f61cbc5,1,1,0,101.9,101.9,0,false,false,false,false,false,false
U6,moisturizer,balm_candidate_a,ffbaebea-2515-4c5f-8403-cd9a56830ae4,2,2,0,101.5,101.5,0,false,false,false,false,false,false
U6,moisturizer,balm_candidate_a,bd98f785-15c8-4800-af64-d39c3ad873a0,3,3,0,100.5,100.5,0,false,false,false,false,false,false
U6,moisturizer,balm_candidate_a,358bb655-d0e8-4bbf-93c0-58eea5b5d7ae,4,4,0,99.9,99.9,0,false,false,false,false,false,false
U6,moisturizer,balm_candidate_a,97deb2cc-2fae-4dbb-8253-03170e197002,5,5,0,99.8,99.8,0,false,false,false,false,false,false
U6,moisturizer,balm_candidate_a,ae72c231-3629-4272-8c16-9ca4372e3985,6,6,0,99.5,99.5,0,false,false,false,false,false,false
U6,moisturizer,balm_candidate_a,65a4c320-4815-4488-b031-b0a06b4702ca,7,7,0,99.3,99.3,0,false,false,false,false,false,false
U6,moisturizer,balm_candidate_a,b1f6b527-679f-48f3-9b58-5d28ec095f2f,8,8,0,98.9,98.9,0,false,false,false,false,false,false
U6,moisturizer,balm_candidate_a,418e2bc1-7d6c-4334-9058-7af7ce159c6c,9,9,0,98.8,98.8,0,false,false,false,false,false,false
U6,moisturizer,balm_candidate_a,24103bd1-c7ba-4cc9-b9b9-8129c6452232,10,10,0,98.2,98.2,0,false,false,false,false,false,false
U6,moisturizer,balm_candidate_a,93d11022-2b8c-4a72-a3a1-9f69655b9e91,11,11,0,98,98,0,false,false,false,false,false,false
U6,moisturizer,balm_candidate_a,06d1ad4b-2291-4b73-8bf4-f1f3c0226fea,12,12,0,97.8,97.8,0,false,false,false,false,false,false
U6,moisturizer,balm_candidate_a,de9fbe7f-e28b-4a8e-bbf6-536d3aa2a2c4,13,13,0,97.7,97.7,0,false,false,false,false,false,false
U6,moisturizer,balm_candidate_a,9a98cc54-6238-4ed6-91d0-200f5203f46c,14,14,0,97.2,97.2,0,false,false,false,false,false,false
U6,moisturizer,balm_candidate_a,615c6866-b1ea-48d3-adbe-fbe1831dc6f1,15,15,0,96.7,96.7,0,false,false,false,false,false,false
U6,moisturizer,balm_candidate_a,a59880f2-be88-4938-9958-254b87fd37ea,16,16,0,96.6,96.6,0,false,false,false,false,false,false
U6,moisturizer,balm_candidate_a,5848640c-84ca-4079-9d9e-8f3113159fe1,17,17,0,96.5,96.5,0,false,false,false,false,false,false
U6,moisturizer,balm_candidate_a,7a58897d-bc51-47e8-ba8d-60322b5f8f3d,18,18,0,96.5,96.5,0,false,false,false,false,false,false
U6,moisturizer,balm_candidate_a,7a98b5e7-2c1f-441a-afee-dd1c592d95bc,19,19,0,95.7,95.7,0,false,false,false,false,false,false
U6,moisturizer,balm_candidate_a,e4f25cfc-293d-47f8-8eea-70e4b0ec1c7b,20,20,0,95.7,95.7,0,false,false,false,false,false,false
U6,moisturizer,balm_candidate_a,b72b0570-ee3f-4692-b45f-633b46ae3b64,21,,,95.6,95.6,0,true,false,false,false,false,false
U6,moisturizer,balm_candidate_a,d4e752ca-81bb-49bf-b74d-03d388830f47,22,21,-1,95.6,95.6,0,false,false,false,false,false,false
U6,moisturizer,balm_candidate_a,15b45c92-8b35-493a-8329-bc6b4ab5a53d,23,22,-1,95.4,95.4,0,false,false,false,false,false,false
U6,moisturizer,balm_candidate_a,c2bb9ffd-f261-4f9b-91ed-23f6cea9ada1,24,,,94.1,94.1,0,true,false,false,false,false,false
U6,moisturizer,balm_candidate_a,d0319209-502b-4c85-be54-392600ff6b23,25,23,-2,93.6,93.6,0,false,false,false,false,false,false
U6,moisturizer,balm_candidate_a,5116d78d-0118-42b1-acc8-1ee384624725,26,24,-2,92.1,92.1,0,false,false,false,false,false,false
U6,moisturizer,balm_candidate_a,37f18d02-adfd-4c72-b267-8e8facb1c5d1,27,25,-2,91.8,91.8,0,false,false,false,false,false,false
U6,moisturizer,balm_candidate_a,4aa41038-de5b-4125-97b0-a50e7575cc00,28,26,-2,90,90,0,false,false,false,false,false,false
U6,moisturizer,balm_candidate_a,fd00be48-42e4-4db5-8838-e0820f147254,29,27,-2,89.4,89.4,0,false,false,false,false,false,false
U6,moisturizer,balm_candidate_a,e15a1f7e-29b3-49fd-aae4-297bf9ada4ed,30,28,-2,88.8,88.8,0,false,false,false,false,false,false
U6,moisturizer,balm_candidate_a,2d52e270-0429-4c5f-89dd-5c608b92fe8c,31,29,-2,88.7,88.7,0,false,false,false,false,false,false
U6,moisturizer,balm_candidate_a,ef252acf-cfe2-4b2b-a223-80064be88e52,32,30,-2,87.7,87.7,0,false,false,false,false,false,false
U6,moisturizer,balm_candidate_a,b639c8b4-6a61-440e-b4db-fac7381593ff,33,31,-2,87.4,87.4,0,false,false,false,false,false,false
U6,moisturizer,balm_candidate_a,d5093dae-ce2f-4681-9811-2052e1779ff3,34,32,-2,86.1,86.1,0,false,false,false,false,false,false
U6,moisturizer,balm_candidate_a,cd0022c9-a80e-4f57-876b-79e1cb311a15,35,,,86.1,86.1,0,true,false,false,false,false,false
U6,moisturizer,balm_candidate_a,3f12f933-9525-4ee1-80c5-257daf40d902,36,33,-3,83.9,83.9,0,false,false,false,false,false,false
U6,moisturizer,balm_candidate_a,173c63a8-a40d-4d1e-acb6-a7944d66ec43,37,34,-3,82.4,82.4,0,false,false,false,false,false,false
U6,moisturizer,balm_candidate_a,df3ab2f1-a4bf-46f9-aaff-df3665156b37,38,35,-3,81.7,81.7,0,false,false,false,false,false,false
U6,moisturizer,balm_candidate_a,1eb7b437-b527-44e4-b4c2-5d56dc26d2d3,39,36,-3,81.5,81.5,0,false,false,false,false,false,false
U6,moisturizer,balm_candidate_a,c7839904-2245-4a86-922c-4d59cf8df0b3,40,37,-3,80.8,80.8,0,false,false,false,false,false,false
U6,moisturizer,balm_candidate_a,d2141a9d-3975-4d93-83f7-a4814c9c6a57,41,38,-3,79.3,79.3,0,false,false,false,false,false,false
U6,moisturizer,balm_candidate_a,03f5a72b-6c9a-4487-a3a9-39d1e6afa7bb,42,39,-3,78.9,78.9,0,false,false,false,false,false,false
U6,moisturizer,balm_candidate_a,4cbd41f3-1357-42c6-a6c7-6df0e90d54a7,43,40,-3,78.3,78.3,0,false,false,false,false,false,false
U6,moisturizer,balm_candidate_a,af70acaa-24b0-45eb-b82b-3c3b9f6d589f,44,41,-3,76.1,76.1,0,false,false,false,false,false,false
U6,moisturizer,balm_candidate_a,1f20944c-5a86-4748-8daf-7d57259ea6c0,45,42,-3,75.7,75.7,0,false,false,false,false,false,false
U6,moisturizer,balm_candidate_a,deaacf29-585c-4e1b-a7c3-73a243e69c2e,46,43,-3,75.2,75.2,0,false,false,false,false,false,false
U6,moisturizer,balm_candidate_a,e8d1bb9d-1a8b-430b-a79d-79d16b18ce5e,47,44,-3,74.1,74.1,0,false,false,false,false,false,false
U6,moisturizer,balm_candidate_a,9e727419-40e6-4c61-b44c-609507b7b822,48,45,-3,73.3,73.3,0,false,false,false,false,false,false
U6,moisturizer,balm_candidate_a,2ab9955d-9e7f-41fc-9751-9e313d50e492,49,46,-3,72.6,72.6,0,false,false,false,false,false,false
U6,moisturizer,balm_candidate_a,976c13ef-8ebd-4b69-acae-0d070f6cd590,50,47,-3,69,69,0,false,false,false,false,false,false
U6,moisturizer,balm_candidate_a,3fe73499-c2a9-4ee5-b4b5-6a60e07c6686,51,,,66.8,66.8,0,true,false,false,false,false,false
U6,moisturizer,balm_candidate_a,4c7af697-1413-4b7d-a89e-6edd2bd5f40c,52,,,60,60,0,true,false,false,false,false,false
U6,moisturizer,balm_candidate_a,8c2c12e7-2fa6-4230-bee6-958a4dc9dc97,53,,,50.9,50.9,0,true,false,false,false,false,false
U6,moisturizer,balm_candidate_a,637782f6-709e-45e3-a886-a279c142667d,54,,,49.3,49.3,0,true,false,false,false,false,false
U6,moisturizer,balm_candidate_a,36b7d8f7-eb23-4fdb-a510-99ad4b64eb0e,55,,,49.3,49.3,0,true,false,false,false,false,false
U6,moisturizer,balm_candidate_a,47a8a197-40d4-41df-b1ed-7f85eb458a3d,56,48,-8,48.2,48.2,0,false,false,false,false,false,false
U6,moisturizer,balm_candidate_a,3e8c269e-17d8-47ec-a51d-9eada96461f4,57,,,48,48,0,true,false,false,false,false,false
U6,moisturizer,balm_candidate_a,49a483f3-9232-4b58-a91b-ddb5ea2f973e,58,,,46.9,46.9,0,true,false,false,false,false,false
U6,moisturizer,balm_candidate_a,f0bea751-1439-4f32-b9e9-1e204c5dd64e,59,,,45.1,45.1,0,true,false,false,false,false,false
U6,moisturizer,balm_candidate_a,d35a03e7-4974-4eef-ad9d-c2e909622c6c,60,,,43,43,0,true,false,false,false,false,false
U6,moisturizer,balm_candidate_a,7b4a237c-7f6e-4f18-a581-9d6fcad8f92e,61,,,36.3,36.3,0,true,false,false,false,false,false
U6,moisturizer,balm_candidate_b,c67266dd-3706-4929-9196-936d1f61cbc5,1,1,0,101.9,101.9,0,false,false,false,false,false,false
U6,moisturizer,balm_candidate_b,ffbaebea-2515-4c5f-8403-cd9a56830ae4,2,2,0,101.5,101.5,0,false,false,false,false,false,false
U6,moisturizer,balm_candidate_b,bd98f785-15c8-4800-af64-d39c3ad873a0,3,3,0,100.5,100.5,0,false,false,false,false,false,false
U6,moisturizer,balm_candidate_b,358bb655-d0e8-4bbf-93c0-58eea5b5d7ae,4,4,0,99.9,99.9,0,false,false,false,false,false,false
U6,moisturizer,balm_candidate_b,97deb2cc-2fae-4dbb-8253-03170e197002,5,5,0,99.8,99.8,0,false,false,false,false,false,false
U6,moisturizer,balm_candidate_b,ae72c231-3629-4272-8c16-9ca4372e3985,6,6,0,99.5,99.5,0,false,false,false,false,false,false
U6,moisturizer,balm_candidate_b,65a4c320-4815-4488-b031-b0a06b4702ca,7,7,0,99.3,99.3,0,false,false,false,false,false,false
U6,moisturizer,balm_candidate_b,b1f6b527-679f-48f3-9b58-5d28ec095f2f,8,8,0,98.9,98.9,0,false,false,false,false,false,false
U6,moisturizer,balm_candidate_b,418e2bc1-7d6c-4334-9058-7af7ce159c6c,9,9,0,98.8,98.8,0,false,false,false,false,false,false
U6,moisturizer,balm_candidate_b,24103bd1-c7ba-4cc9-b9b9-8129c6452232,10,10,0,98.2,98.2,0,false,false,false,false,false,false
U6,moisturizer,balm_candidate_b,93d11022-2b8c-4a72-a3a1-9f69655b9e91,11,11,0,98,98,0,false,false,false,false,false,false
U6,moisturizer,balm_candidate_b,06d1ad4b-2291-4b73-8bf4-f1f3c0226fea,12,12,0,97.8,97.8,0,false,false,false,false,false,false
U6,moisturizer,balm_candidate_b,de9fbe7f-e28b-4a8e-bbf6-536d3aa2a2c4,13,13,0,97.7,97.7,0,false,false,false,false,false,false
U6,moisturizer,balm_candidate_b,9a98cc54-6238-4ed6-91d0-200f5203f46c,14,14,0,97.2,97.2,0,false,false,false,false,false,false
U6,moisturizer,balm_candidate_b,615c6866-b1ea-48d3-adbe-fbe1831dc6f1,15,15,0,96.7,96.7,0,false,false,false,false,false,false
U6,moisturizer,balm_candidate_b,a59880f2-be88-4938-9958-254b87fd37ea,16,16,0,96.6,96.6,0,false,false,false,false,false,false
U6,moisturizer,balm_candidate_b,5848640c-84ca-4079-9d9e-8f3113159fe1,17,17,0,96.5,96.5,0,false,false,false,false,false,false
U6,moisturizer,balm_candidate_b,7a58897d-bc51-47e8-ba8d-60322b5f8f3d,18,18,0,96.5,96.5,0,false,false,false,false,false,false
U6,moisturizer,balm_candidate_b,7a98b5e7-2c1f-441a-afee-dd1c592d95bc,19,19,0,95.7,95.7,0,false,false,false,false,false,false
U6,moisturizer,balm_candidate_b,e4f25cfc-293d-47f8-8eea-70e4b0ec1c7b,20,20,0,95.7,95.7,0,false,false,false,false,false,false
U6,moisturizer,balm_candidate_b,b72b0570-ee3f-4692-b45f-633b46ae3b64,21,,,95.6,95.6,0,true,false,false,false,false,false
U6,moisturizer,balm_candidate_b,d4e752ca-81bb-49bf-b74d-03d388830f47,22,21,-1,95.6,95.6,0,false,false,false,false,false,false
U6,moisturizer,balm_candidate_b,15b45c92-8b35-493a-8329-bc6b4ab5a53d,23,22,-1,95.4,95.4,0,false,false,false,false,false,false
U6,moisturizer,balm_candidate_b,c2bb9ffd-f261-4f9b-91ed-23f6cea9ada1,24,,,94.1,94.1,0,true,false,false,false,false,false
U6,moisturizer,balm_candidate_b,d0319209-502b-4c85-be54-392600ff6b23,25,23,-2,93.6,93.6,0,false,false,false,false,false,false
U6,moisturizer,balm_candidate_b,5116d78d-0118-42b1-acc8-1ee384624725,26,24,-2,92.1,92.1,0,false,false,false,false,false,false
U6,moisturizer,balm_candidate_b,37f18d02-adfd-4c72-b267-8e8facb1c5d1,27,25,-2,91.8,91.8,0,false,false,false,false,false,false
U6,moisturizer,balm_candidate_b,4aa41038-de5b-4125-97b0-a50e7575cc00,28,26,-2,90,90,0,false,false,false,false,false,false
U6,moisturizer,balm_candidate_b,fd00be48-42e4-4db5-8838-e0820f147254,29,27,-2,89.4,89.4,0,false,false,false,false,false,false
U6,moisturizer,balm_candidate_b,e15a1f7e-29b3-49fd-aae4-297bf9ada4ed,30,28,-2,88.8,88.8,0,false,false,false,false,false,false
U6,moisturizer,balm_candidate_b,2d52e270-0429-4c5f-89dd-5c608b92fe8c,31,29,-2,88.7,88.7,0,false,false,false,false,false,false
U6,moisturizer,balm_candidate_b,ef252acf-cfe2-4b2b-a223-80064be88e52,32,30,-2,87.7,87.7,0,false,false,false,false,false,false
U6,moisturizer,balm_candidate_b,b639c8b4-6a61-440e-b4db-fac7381593ff,33,31,-2,87.4,87.4,0,false,false,false,false,false,false
U6,moisturizer,balm_candidate_b,d5093dae-ce2f-4681-9811-2052e1779ff3,34,32,-2,86.1,86.1,0,false,false,false,false,false,false
U6,moisturizer,balm_candidate_b,cd0022c9-a80e-4f57-876b-79e1cb311a15,35,33,-2,86.1,86.1,0,false,false,false,false,false,false
U6,moisturizer,balm_candidate_b,3f12f933-9525-4ee1-80c5-257daf40d902,36,34,-2,83.9,83.9,0,false,false,false,false,false,false
U6,moisturizer,balm_candidate_b,173c63a8-a40d-4d1e-acb6-a7944d66ec43,37,35,-2,82.4,82.4,0,false,false,false,false,false,false
U6,moisturizer,balm_candidate_b,df3ab2f1-a4bf-46f9-aaff-df3665156b37,38,36,-2,81.7,81.7,0,false,false,false,false,false,false
U6,moisturizer,balm_candidate_b,1eb7b437-b527-44e4-b4c2-5d56dc26d2d3,39,37,-2,81.5,81.5,0,false,false,false,false,false,false
U6,moisturizer,balm_candidate_b,c7839904-2245-4a86-922c-4d59cf8df0b3,40,38,-2,80.8,80.8,0,false,false,false,false,false,false
U6,moisturizer,balm_candidate_b,d2141a9d-3975-4d93-83f7-a4814c9c6a57,41,39,-2,79.3,79.3,0,false,false,false,false,false,false
U6,moisturizer,balm_candidate_b,03f5a72b-6c9a-4487-a3a9-39d1e6afa7bb,42,40,-2,78.9,78.9,0,false,false,false,false,false,false
U6,moisturizer,balm_candidate_b,4cbd41f3-1357-42c6-a6c7-6df0e90d54a7,43,41,-2,78.3,78.3,0,false,false,false,false,false,false
U6,moisturizer,balm_candidate_b,af70acaa-24b0-45eb-b82b-3c3b9f6d589f,44,42,-2,76.1,76.1,0,false,false,false,false,false,false
U6,moisturizer,balm_candidate_b,1f20944c-5a86-4748-8daf-7d57259ea6c0,45,43,-2,75.7,75.7,0,false,false,false,false,false,false
U6,moisturizer,balm_candidate_b,deaacf29-585c-4e1b-a7c3-73a243e69c2e,46,44,-2,75.2,75.2,0,false,false,false,false,false,false
U6,moisturizer,balm_candidate_b,e8d1bb9d-1a8b-430b-a79d-79d16b18ce5e,47,45,-2,74.1,74.1,0,false,false,false,false,false,false
U6,moisturizer,balm_candidate_b,9e727419-40e6-4c61-b44c-609507b7b822,48,46,-2,73.3,73.3,0,false,false,false,false,false,false
U6,moisturizer,balm_candidate_b,2ab9955d-9e7f-41fc-9751-9e313d50e492,49,47,-2,72.6,72.6,0,false,false,false,false,false,false
U6,moisturizer,balm_candidate_b,976c13ef-8ebd-4b69-acae-0d070f6cd590,50,48,-2,69,69,0,false,false,false,false,false,false
U6,moisturizer,balm_candidate_b,3fe73499-c2a9-4ee5-b4b5-6a60e07c6686,51,49,-2,66.8,66.8,0,false,false,false,false,false,false
U6,moisturizer,balm_candidate_b,4c7af697-1413-4b7d-a89e-6edd2bd5f40c,52,,,60,60,0,true,false,false,false,false,false
U6,moisturizer,balm_candidate_b,8c2c12e7-2fa6-4230-bee6-958a4dc9dc97,53,50,-3,50.9,50.9,0,false,false,false,false,false,false
U6,moisturizer,balm_candidate_b,637782f6-709e-45e3-a886-a279c142667d,54,,,49.3,49.3,0,true,false,false,false,false,false
U6,moisturizer,balm_candidate_b,36b7d8f7-eb23-4fdb-a510-99ad4b64eb0e,55,,,49.3,49.3,0,true,false,false,false,false,false
U6,moisturizer,balm_candidate_b,47a8a197-40d4-41df-b1ed-7f85eb458a3d,56,51,-5,48.2,48.2,0,false,false,false,false,false,false
U6,moisturizer,balm_candidate_b,3e8c269e-17d8-47ec-a51d-9eada96461f4,57,52,-5,48,48,0,false,false,false,false,false,false
U6,moisturizer,balm_candidate_b,49a483f3-9232-4b58-a91b-ddb5ea2f973e,58,,,46.9,46.9,0,true,false,false,false,false,false
U6,moisturizer,balm_candidate_b,f0bea751-1439-4f32-b9e9-1e204c5dd64e,59,53,-6,45.1,45.1,0,false,false,false,false,false,false
U6,moisturizer,balm_candidate_b,d35a03e7-4974-4eef-ad9d-c2e909622c6c,60,54,-6,43,43,0,false,false,false,false,false,false
U6,moisturizer,balm_candidate_b,7b4a237c-7f6e-4f18-a581-9d6fcad8f92e,61,,,36.3,36.3,0,true,false,false,false,false,false
U6,sunscreen,sunscreen_completeness,25b2763f-529f-4b2e-a436-2e0776279c55,1,1,0,58.9,58.9,0,false,false,false,false,true,false
U6,sunscreen,sunscreen_completeness,dc1ef3f3-db1b-4c3f-954a-b18343e3d9f3,2,2,0,49.5,49.5,0,false,false,false,false,true,false
U6,sunscreen,sunscreen_completeness,2d3591f2-2216-4043-8493-a9492806ef8b,3,3,0,46.9,46.9,0,false,false,false,false,true,false
U6,sunscreen,sunscreen_completeness,9983f167-24e7-4223-bd86-446ce6ced31b,4,4,0,45.8,45.8,0,false,false,false,false,true,false
U6,sunscreen,sunscreen_completeness,dd326b18-ea56-45fb-8571-42186b6c9159,5,5,0,45,45,0,false,false,false,false,true,false
U6,sunscreen,sunscreen_completeness,0bb742d2-df6b-49a7-8e29-8f76ae62ac0d,6,6,0,40.9,40.9,0,false,false,false,false,true,false
U6,sunscreen,sunscreen_completeness,fdf06871-db8e-4e73-a48c-c057c5ce925d,7,7,0,39.8,39.8,0,false,false,false,false,true,false
U6,sunscreen,sunscreen_completeness,336bb533-0fe4-4380-8b9f-ab16fb24b807,8,8,0,38.8,38.8,0,false,false,false,false,true,false
U6,sunscreen,sunscreen_completeness,765b3ca1-6927-49b0-bee6-4138d03dd915,9,9,0,38.5,38.5,0,false,false,false,false,true,false
U6,sunscreen,sunscreen_completeness,57e4a5ec-115d-4322-85a1-7976db669700,10,10,0,14.7,14.7,0,false,false,false,false,true,false
U6,sunscreen,sunscreen_completeness,cbcd06a2-de29-47ca-afd1-ab1d5de93903,11,11,0,-6.9,-6.9,0,false,false,false,false,false,false
U7,cleanser,cleanser_structured_authority,0def9373-087e-4998-8ef1-7f4cbdac40e4,1,1,0,36.4,36.4,0,false,false,false,false,false,false
U7,cleanser,cleanser_structured_authority,c8f78d00-85b9-4850-b464-e8a0d815b2d8,2,2,0,29.1,29.1,0,false,false,false,false,false,false
U7,cleanser,cleanser_structured_authority,d7bb44e4-d585-41ca-8a74-04781470d1de,3,3,0,28.4,28.4,0,false,false,false,false,false,false
U7,cleanser,cleanser_structured_authority,50d8285d-9f90-4437-9427-ecc93e9fa055,4,4,0,26.3,26.3,0,false,false,false,false,false,false
U7,cleanser,cleanser_structured_authority,6d560546-80f1-4ccf-9d2c-34023722d2a7,5,5,0,24.4,24.4,0,false,false,false,false,false,false
U7,cleanser,cleanser_structured_authority,8889342d-d9a2-454b-aa27-60d4934b9978,6,6,0,23.2,23.2,0,false,false,false,false,false,false
U7,cleanser,cleanser_structured_authority,5448b8c3-cf87-4561-a699-3baf3dcb3dab,7,7,0,23.1,23.1,0,false,false,false,false,false,false
U7,cleanser,cleanser_structured_authority,cd3b66be-cddc-47e1-906f-a871dea84412,8,8,0,23,23,0,false,false,false,false,false,false
U7,cleanser,cleanser_structured_authority,635aa0fd-aabb-495e-b68f-42b1135df544,9,9,0,20.5,20.5,0,false,false,false,false,false,false
U7,cleanser,cleanser_structured_authority,d0b4789c-bc0a-46e1-8317-ce498377333e,10,10,0,20.3,20.3,0,false,false,false,false,false,false
U7,cleanser,cleanser_structured_authority,51d526de-b127-47c4-83f1-64fc1ec4aa10,11,11,0,17.1,17.1,0,false,false,false,false,false,false
U7,cleanser,cleanser_structured_authority,9d47de96-3227-494b-a8aa-2a4a3b7959d8,12,12,0,16.9,16.9,0,false,false,false,false,false,false
U7,cleanser,cleanser_structured_authority,f2a697ce-43d9-4a9a-b110-1f332bc29b50,13,13,0,16.7,16.7,0,false,false,false,false,false,false
U7,cleanser,cleanser_structured_authority,0b59cb66-ab03-4a0d-815e-7a94a5c7ae65,14,14,0,16.2,16.2,0,false,false,false,false,false,false
U7,cleanser,cleanser_structured_authority,0bced9fe-aa08-4982-bb4a-03fb9ed509c1,15,15,0,16.1,16.1,0,false,false,false,false,false,false
U7,cleanser,cleanser_structured_authority,b46ca581-7a4e-4cf1-b599-b9fdc026885d,16,16,0,15.5,15.5,0,false,false,false,false,false,false
U7,cleanser,cleanser_structured_authority,3f83bb85-cc53-4aa0-a0f0-e08535288749,17,17,0,15.5,15.5,0,false,false,false,false,false,false
U7,cleanser,cleanser_structured_authority,fbe265d2-8457-4c4f-96e2-7a08be0e5073,18,18,0,15.5,15.5,0,false,false,false,false,false,false
U7,cleanser,cleanser_structured_authority,e6c3f88c-6908-401f-83d1-a5164f1dd60a,19,19,0,14.8,14.8,0,false,false,false,false,false,false
U7,cleanser,cleanser_structured_authority,15420430-2a68-49e2-ab53-716d9c4ff45e,20,20,0,14.5,14.5,0,false,false,false,false,false,false
U7,cleanser,cleanser_structured_authority,cb04b777-9a57-4246-9431-3018638354db,21,21,0,13.9,13.9,0,false,false,false,false,false,false
U7,cleanser,cleanser_structured_authority,d4f64d02-6d35-435b-8269-b6ed7cd34bad,22,22,0,13.7,13.7,0,false,false,false,false,false,false
U7,cleanser,cleanser_structured_authority,65a4be83-a9b7-4b1d-bd58-1b6e99cf66fc,23,23,0,13.2,13.2,0,false,false,false,false,false,false
U7,cleanser,cleanser_structured_authority,63300ce0-9bb7-4ce5-98d5-5c59ae283cda,24,24,0,12.4,12.4,0,false,false,false,false,false,false
U7,cleanser,cleanser_structured_authority,2fddc273-d7ee-4034-a399-3bfd2cfcafd4,25,25,0,12.3,12.3,0,false,false,false,false,false,false
U7,cleanser,cleanser_structured_authority,009e0339-fa00-429e-a1c2-2a23eb4707f8,26,26,0,10.2,10.2,0,false,false,false,false,false,false
U7,moisturizer,balm_candidate_a,ae72c231-3629-4272-8c16-9ca4372e3985,1,1,0,31.2,31.2,0,false,false,false,false,false,false
U7,moisturizer,balm_candidate_a,173c63a8-a40d-4d1e-acb6-a7944d66ec43,2,2,0,26.2,26.2,0,false,false,false,false,false,false
U7,moisturizer,balm_candidate_a,c7839904-2245-4a86-922c-4d59cf8df0b3,3,3,0,26.1,26.1,0,false,false,false,false,false,false
U7,moisturizer,balm_candidate_a,1eb7b437-b527-44e4-b4c2-5d56dc26d2d3,4,4,0,25.6,25.6,0,false,false,false,false,false,false
U7,moisturizer,balm_candidate_a,df3ab2f1-a4bf-46f9-aaff-df3665156b37,5,5,0,24.4,24.4,0,false,false,false,false,false,false
U7,moisturizer,balm_candidate_a,24103bd1-c7ba-4cc9-b9b9-8129c6452232,6,6,0,23.7,23.7,0,false,false,false,false,false,false
U7,moisturizer,balm_candidate_a,d2141a9d-3975-4d93-83f7-a4814c9c6a57,7,7,0,23.1,23.1,0,false,false,false,false,false,false
U7,moisturizer,balm_candidate_a,15b45c92-8b35-493a-8329-bc6b4ab5a53d,8,8,0,22.8,22.8,0,false,false,false,false,false,false
U7,moisturizer,balm_candidate_a,b639c8b4-6a61-440e-b4db-fac7381593ff,9,9,0,22.5,22.5,0,false,false,false,false,false,false
U7,moisturizer,balm_candidate_a,de9fbe7f-e28b-4a8e-bbf6-536d3aa2a2c4,10,10,0,22.4,22.4,0,false,false,false,false,false,false
U7,moisturizer,balm_candidate_a,47a8a197-40d4-41df-b1ed-7f85eb458a3d,11,11,0,21.7,21.7,0,false,false,false,false,false,false
U7,moisturizer,balm_candidate_a,5848640c-84ca-4079-9d9e-8f3113159fe1,12,12,0,21.5,21.5,0,false,false,false,false,false,false
U7,moisturizer,balm_candidate_a,d0319209-502b-4c85-be54-392600ff6b23,13,13,0,21.3,21.3,0,false,false,false,false,false,false
U7,moisturizer,balm_candidate_a,3f12f933-9525-4ee1-80c5-257daf40d902,14,14,0,20.7,20.7,0,false,false,false,false,false,false
U7,moisturizer,balm_candidate_a,4cbd41f3-1357-42c6-a6c7-6df0e90d54a7,15,15,0,20.3,20.3,0,false,false,false,false,false,false
U7,moisturizer,balm_candidate_a,af70acaa-24b0-45eb-b82b-3c3b9f6d589f,16,16,0,19.8,19.8,0,false,false,false,false,false,false
U7,moisturizer,balm_candidate_a,97deb2cc-2fae-4dbb-8253-03170e197002,17,17,0,18.9,18.9,0,false,false,false,false,false,false
U7,moisturizer,balm_candidate_a,358bb655-d0e8-4bbf-93c0-58eea5b5d7ae,18,18,0,18.7,18.7,0,false,false,false,false,false,false
U7,moisturizer,balm_candidate_a,65a4c320-4815-4488-b031-b0a06b4702ca,19,19,0,17.8,17.8,0,false,false,false,false,false,false
U7,moisturizer,balm_candidate_a,9a98cc54-6238-4ed6-91d0-200f5203f46c,20,20,0,17.6,17.6,0,false,false,false,false,false,false
U7,moisturizer,balm_candidate_a,bd98f785-15c8-4800-af64-d39c3ad873a0,21,21,0,17.5,17.5,0,false,false,false,false,false,false
U7,moisturizer,balm_candidate_a,c67266dd-3706-4929-9196-936d1f61cbc5,22,22,0,17,17,0,false,false,false,false,false,false
U7,moisturizer,balm_candidate_a,deaacf29-585c-4e1b-a7c3-73a243e69c2e,23,23,0,16.7,16.7,0,false,false,false,false,false,false
U7,moisturizer,balm_candidate_a,7a58897d-bc51-47e8-ba8d-60322b5f8f3d,24,24,0,16.6,16.6,0,false,false,false,false,false,false
U7,moisturizer,balm_candidate_a,9e727419-40e6-4c61-b44c-609507b7b822,25,25,0,16.5,16.5,0,false,false,false,false,false,false
U7,moisturizer,balm_candidate_a,e4f25cfc-293d-47f8-8eea-70e4b0ec1c7b,26,26,0,16.1,16.1,0,false,false,false,false,false,false
U7,moisturizer,balm_candidate_a,d4e752ca-81bb-49bf-b74d-03d388830f47,27,27,0,15.6,15.6,0,false,false,false,false,false,false
U7,moisturizer,balm_candidate_a,37f18d02-adfd-4c72-b267-8e8facb1c5d1,28,28,0,15.5,15.5,0,false,false,false,false,false,false
U7,moisturizer,balm_candidate_a,615c6866-b1ea-48d3-adbe-fbe1831dc6f1,29,29,0,14.8,14.8,0,false,false,false,false,false,false
U7,moisturizer,balm_candidate_a,ffbaebea-2515-4c5f-8403-cd9a56830ae4,30,30,0,14.8,14.8,0,false,false,false,false,false,false
U7,moisturizer,balm_candidate_a,1f20944c-5a86-4748-8daf-7d57259ea6c0,31,31,0,14.3,14.3,0,false,false,false,false,false,false
U7,moisturizer,balm_candidate_a,93d11022-2b8c-4a72-a3a1-9f69655b9e91,32,32,0,14.2,14.2,0,false,false,false,false,false,false
U7,moisturizer,balm_candidate_a,b1f6b527-679f-48f3-9b58-5d28ec095f2f,33,33,0,13.4,13.4,0,false,false,false,false,false,false
U7,moisturizer,balm_candidate_a,e8d1bb9d-1a8b-430b-a79d-79d16b18ce5e,34,34,0,13.3,13.3,0,false,false,false,false,false,false
U7,moisturizer,balm_candidate_a,2d52e270-0429-4c5f-89dd-5c608b92fe8c,35,35,0,12.4,12.4,0,false,false,false,false,false,false
U7,moisturizer,balm_candidate_a,a59880f2-be88-4938-9958-254b87fd37ea,36,36,0,12.4,12.4,0,false,false,false,false,false,false
U7,moisturizer,balm_candidate_a,5116d78d-0118-42b1-acc8-1ee384624725,37,37,0,12.1,12.1,0,false,false,false,false,false,false
U7,moisturizer,balm_candidate_a,3e8c269e-17d8-47ec-a51d-9eada96461f4,38,,,11.8,11.8,0,true,false,false,false,false,false
U7,moisturizer,balm_candidate_a,637782f6-709e-45e3-a886-a279c142667d,39,,,11.8,11.8,0,true,false,false,false,false,false
U7,moisturizer,balm_candidate_a,36b7d8f7-eb23-4fdb-a510-99ad4b64eb0e,40,,,11.6,11.6,0,true,false,false,false,false,false
U7,moisturizer,balm_candidate_a,49a483f3-9232-4b58-a91b-ddb5ea2f973e,41,,,11.4,11.4,0,true,false,false,false,false,false
U7,moisturizer,balm_candidate_a,8c2c12e7-2fa6-4230-bee6-958a4dc9dc97,42,,,11,11,0,true,false,false,false,false,false
U7,moisturizer,balm_candidate_a,c2bb9ffd-f261-4f9b-91ed-23f6cea9ada1,43,,,10.7,10.7,0,true,false,false,false,false,false
U7,moisturizer,balm_candidate_a,b72b0570-ee3f-4692-b45f-633b46ae3b64,44,,,10.3,10.3,0,true,false,false,false,false,false
U7,moisturizer,balm_candidate_a,03f5a72b-6c9a-4487-a3a9-39d1e6afa7bb,45,38,-7,9.9,9.9,0,false,false,false,false,false,false
U7,moisturizer,balm_candidate_a,ef252acf-cfe2-4b2b-a223-80064be88e52,46,39,-7,9.8,9.8,0,false,false,false,false,false,false
U7,moisturizer,balm_candidate_a,f0bea751-1439-4f32-b9e9-1e204c5dd64e,47,,,8.6,8.6,0,true,false,false,false,false,false
U7,moisturizer,balm_candidate_a,d35a03e7-4974-4eef-ad9d-c2e909622c6c,48,,,7.6,7.6,0,true,false,false,false,false,false
U7,moisturizer,balm_candidate_a,d5093dae-ce2f-4681-9811-2052e1779ff3,49,40,-9,7.4,7.4,0,false,false,false,false,false,false
U7,moisturizer,balm_candidate_a,4c7af697-1413-4b7d-a89e-6edd2bd5f40c,50,,,7.1,7.1,0,true,false,false,false,false,false
U7,moisturizer,balm_candidate_a,fd00be48-42e4-4db5-8838-e0820f147254,51,41,-10,6.7,6.7,0,false,false,false,false,false,false
U7,moisturizer,balm_candidate_a,3fe73499-c2a9-4ee5-b4b5-6a60e07c6686,52,,,6.4,6.4,0,true,false,false,false,false,false
U7,moisturizer,balm_candidate_a,2ab9955d-9e7f-41fc-9751-9e313d50e492,53,42,-11,6.1,6.1,0,false,false,false,false,false,false
U7,moisturizer,balm_candidate_a,e15a1f7e-29b3-49fd-aae4-297bf9ada4ed,54,43,-11,6.1,6.1,0,false,false,false,false,false,false
U7,moisturizer,balm_candidate_a,418e2bc1-7d6c-4334-9058-7af7ce159c6c,55,44,-11,6.1,6.1,0,false,false,false,false,false,false
U7,moisturizer,balm_candidate_a,06d1ad4b-2291-4b73-8bf4-f1f3c0226fea,56,45,-11,5.8,5.8,0,false,false,false,false,false,false
U7,moisturizer,balm_candidate_a,4aa41038-de5b-4125-97b0-a50e7575cc00,57,46,-11,5.6,5.6,0,false,false,false,false,false,false
U7,moisturizer,balm_candidate_a,cd0022c9-a80e-4f57-876b-79e1cb311a15,58,,,4.3,4.3,0,true,false,false,false,false,false
U7,moisturizer,balm_candidate_a,7b4a237c-7f6e-4f18-a581-9d6fcad8f92e,59,,,3.6,3.6,0,true,false,false,false,false,false
U7,moisturizer,balm_candidate_a,7a98b5e7-2c1f-441a-afee-dd1c592d95bc,60,47,-13,3.4,3.4,0,false,false,false,false,false,false
U7,moisturizer,balm_candidate_a,976c13ef-8ebd-4b69-acae-0d070f6cd590,61,48,-13,0.5,0.5,0,false,false,false,false,false,false
U7,moisturizer,balm_candidate_b,ae72c231-3629-4272-8c16-9ca4372e3985,1,1,0,31.2,31.2,0,false,false,false,false,false,false
U7,moisturizer,balm_candidate_b,173c63a8-a40d-4d1e-acb6-a7944d66ec43,2,2,0,26.2,26.2,0,false,false,false,false,false,false
U7,moisturizer,balm_candidate_b,c7839904-2245-4a86-922c-4d59cf8df0b3,3,3,0,26.1,26.1,0,false,false,false,false,false,false
U7,moisturizer,balm_candidate_b,1eb7b437-b527-44e4-b4c2-5d56dc26d2d3,4,4,0,25.6,25.6,0,false,false,false,false,false,false
U7,moisturizer,balm_candidate_b,df3ab2f1-a4bf-46f9-aaff-df3665156b37,5,5,0,24.4,24.4,0,false,false,false,false,false,false
U7,moisturizer,balm_candidate_b,24103bd1-c7ba-4cc9-b9b9-8129c6452232,6,6,0,23.7,23.7,0,false,false,false,false,false,false
U7,moisturizer,balm_candidate_b,d2141a9d-3975-4d93-83f7-a4814c9c6a57,7,7,0,23.1,23.1,0,false,false,false,false,false,false
U7,moisturizer,balm_candidate_b,15b45c92-8b35-493a-8329-bc6b4ab5a53d,8,8,0,22.8,22.8,0,false,false,false,false,false,false
U7,moisturizer,balm_candidate_b,b639c8b4-6a61-440e-b4db-fac7381593ff,9,9,0,22.5,22.5,0,false,false,false,false,false,false
U7,moisturizer,balm_candidate_b,de9fbe7f-e28b-4a8e-bbf6-536d3aa2a2c4,10,10,0,22.4,22.4,0,false,false,false,false,false,false
U7,moisturizer,balm_candidate_b,47a8a197-40d4-41df-b1ed-7f85eb458a3d,11,11,0,21.7,21.7,0,false,false,false,false,false,false
U7,moisturizer,balm_candidate_b,5848640c-84ca-4079-9d9e-8f3113159fe1,12,12,0,21.5,21.5,0,false,false,false,false,false,false
U7,moisturizer,balm_candidate_b,d0319209-502b-4c85-be54-392600ff6b23,13,13,0,21.3,21.3,0,false,false,false,false,false,false
U7,moisturizer,balm_candidate_b,3f12f933-9525-4ee1-80c5-257daf40d902,14,14,0,20.7,20.7,0,false,false,false,false,false,false
U7,moisturizer,balm_candidate_b,4cbd41f3-1357-42c6-a6c7-6df0e90d54a7,15,15,0,20.3,20.3,0,false,false,false,false,false,false
U7,moisturizer,balm_candidate_b,af70acaa-24b0-45eb-b82b-3c3b9f6d589f,16,16,0,19.8,19.8,0,false,false,false,false,false,false
U7,moisturizer,balm_candidate_b,97deb2cc-2fae-4dbb-8253-03170e197002,17,17,0,18.9,18.9,0,false,false,false,false,false,false
U7,moisturizer,balm_candidate_b,358bb655-d0e8-4bbf-93c0-58eea5b5d7ae,18,18,0,18.7,18.7,0,false,false,false,false,false,false
U7,moisturizer,balm_candidate_b,65a4c320-4815-4488-b031-b0a06b4702ca,19,19,0,17.8,17.8,0,false,false,false,false,false,false
U7,moisturizer,balm_candidate_b,9a98cc54-6238-4ed6-91d0-200f5203f46c,20,20,0,17.6,17.6,0,false,false,false,false,false,false
U7,moisturizer,balm_candidate_b,bd98f785-15c8-4800-af64-d39c3ad873a0,21,21,0,17.5,17.5,0,false,false,false,false,false,false
U7,moisturizer,balm_candidate_b,c67266dd-3706-4929-9196-936d1f61cbc5,22,22,0,17,17,0,false,false,false,false,false,false
U7,moisturizer,balm_candidate_b,deaacf29-585c-4e1b-a7c3-73a243e69c2e,23,23,0,16.7,16.7,0,false,false,false,false,false,false
U7,moisturizer,balm_candidate_b,7a58897d-bc51-47e8-ba8d-60322b5f8f3d,24,24,0,16.6,16.6,0,false,false,false,false,false,false
U7,moisturizer,balm_candidate_b,9e727419-40e6-4c61-b44c-609507b7b822,25,25,0,16.5,16.5,0,false,false,false,false,false,false
U7,moisturizer,balm_candidate_b,e4f25cfc-293d-47f8-8eea-70e4b0ec1c7b,26,26,0,16.1,16.1,0,false,false,false,false,false,false
U7,moisturizer,balm_candidate_b,d4e752ca-81bb-49bf-b74d-03d388830f47,27,27,0,15.6,15.6,0,false,false,false,false,false,false
U7,moisturizer,balm_candidate_b,37f18d02-adfd-4c72-b267-8e8facb1c5d1,28,28,0,15.5,15.5,0,false,false,false,false,false,false
U7,moisturizer,balm_candidate_b,615c6866-b1ea-48d3-adbe-fbe1831dc6f1,29,29,0,14.8,14.8,0,false,false,false,false,false,false
U7,moisturizer,balm_candidate_b,ffbaebea-2515-4c5f-8403-cd9a56830ae4,30,30,0,14.8,14.8,0,false,false,false,false,false,false
U7,moisturizer,balm_candidate_b,1f20944c-5a86-4748-8daf-7d57259ea6c0,31,31,0,14.3,14.3,0,false,false,false,false,false,false
U7,moisturizer,balm_candidate_b,93d11022-2b8c-4a72-a3a1-9f69655b9e91,32,32,0,14.2,14.2,0,false,false,false,false,false,false
U7,moisturizer,balm_candidate_b,b1f6b527-679f-48f3-9b58-5d28ec095f2f,33,33,0,13.4,13.4,0,false,false,false,false,false,false
U7,moisturizer,balm_candidate_b,e8d1bb9d-1a8b-430b-a79d-79d16b18ce5e,34,34,0,13.3,13.3,0,false,false,false,false,false,false
U7,moisturizer,balm_candidate_b,2d52e270-0429-4c5f-89dd-5c608b92fe8c,35,35,0,12.4,12.4,0,false,false,false,false,false,false
U7,moisturizer,balm_candidate_b,a59880f2-be88-4938-9958-254b87fd37ea,36,36,0,12.4,12.4,0,false,false,false,false,false,false
U7,moisturizer,balm_candidate_b,5116d78d-0118-42b1-acc8-1ee384624725,37,37,0,12.1,12.1,0,false,false,false,false,false,false
U7,moisturizer,balm_candidate_b,3e8c269e-17d8-47ec-a51d-9eada96461f4,38,38,0,11.8,11.8,0,false,false,false,false,false,false
U7,moisturizer,balm_candidate_b,637782f6-709e-45e3-a886-a279c142667d,39,,,11.8,11.8,0,true,false,false,false,false,false
U7,moisturizer,balm_candidate_b,36b7d8f7-eb23-4fdb-a510-99ad4b64eb0e,40,,,11.6,11.6,0,true,false,false,false,false,false
U7,moisturizer,balm_candidate_b,49a483f3-9232-4b58-a91b-ddb5ea2f973e,41,,,11.4,11.4,0,true,false,false,false,false,false
U7,moisturizer,balm_candidate_b,8c2c12e7-2fa6-4230-bee6-958a4dc9dc97,42,39,-3,11,11,0,false,false,false,false,false,false
U7,moisturizer,balm_candidate_b,c2bb9ffd-f261-4f9b-91ed-23f6cea9ada1,43,,,10.7,10.7,0,true,false,false,false,false,false
U7,moisturizer,balm_candidate_b,b72b0570-ee3f-4692-b45f-633b46ae3b64,44,,,10.3,10.3,0,true,false,false,false,false,false
U7,moisturizer,balm_candidate_b,03f5a72b-6c9a-4487-a3a9-39d1e6afa7bb,45,40,-5,9.9,9.9,0,false,false,false,false,false,false
U7,moisturizer,balm_candidate_b,ef252acf-cfe2-4b2b-a223-80064be88e52,46,41,-5,9.8,9.8,0,false,false,false,false,false,false
U7,moisturizer,balm_candidate_b,f0bea751-1439-4f32-b9e9-1e204c5dd64e,47,42,-5,8.6,8.6,0,false,false,false,false,false,false
U7,moisturizer,balm_candidate_b,d35a03e7-4974-4eef-ad9d-c2e909622c6c,48,43,-5,7.6,7.6,0,false,false,false,false,false,false
U7,moisturizer,balm_candidate_b,d5093dae-ce2f-4681-9811-2052e1779ff3,49,44,-5,7.4,7.4,0,false,false,false,false,false,false
U7,moisturizer,balm_candidate_b,4c7af697-1413-4b7d-a89e-6edd2bd5f40c,50,,,7.1,7.1,0,true,false,false,false,false,false
U7,moisturizer,balm_candidate_b,fd00be48-42e4-4db5-8838-e0820f147254,51,45,-6,6.7,6.7,0,false,false,false,false,false,false
U7,moisturizer,balm_candidate_b,3fe73499-c2a9-4ee5-b4b5-6a60e07c6686,52,46,-6,6.4,6.4,0,false,false,false,false,false,false
U7,moisturizer,balm_candidate_b,2ab9955d-9e7f-41fc-9751-9e313d50e492,53,47,-6,6.1,6.1,0,false,false,false,false,false,false
U7,moisturizer,balm_candidate_b,e15a1f7e-29b3-49fd-aae4-297bf9ada4ed,54,48,-6,6.1,6.1,0,false,false,false,false,false,false
U7,moisturizer,balm_candidate_b,418e2bc1-7d6c-4334-9058-7af7ce159c6c,55,49,-6,6.1,6.1,0,false,false,false,false,false,false
U7,moisturizer,balm_candidate_b,06d1ad4b-2291-4b73-8bf4-f1f3c0226fea,56,50,-6,5.8,5.8,0,false,false,false,false,false,false
U7,moisturizer,balm_candidate_b,4aa41038-de5b-4125-97b0-a50e7575cc00,57,51,-6,5.6,5.6,0,false,false,false,false,false,false
U7,moisturizer,balm_candidate_b,cd0022c9-a80e-4f57-876b-79e1cb311a15,58,52,-6,4.3,4.3,0,false,false,false,false,false,false
U7,moisturizer,balm_candidate_b,7b4a237c-7f6e-4f18-a581-9d6fcad8f92e,59,,,3.6,3.6,0,true,false,false,false,false,false
U7,moisturizer,balm_candidate_b,7a98b5e7-2c1f-441a-afee-dd1c592d95bc,60,53,-7,3.4,3.4,0,false,false,false,false,false,false
U7,moisturizer,balm_candidate_b,976c13ef-8ebd-4b69-acae-0d070f6cd590,61,54,-7,0.5,0.5,0,false,false,false,false,false,false
U7,sunscreen,sunscreen_completeness,765b3ca1-6927-49b0-bee6-4138d03dd915,1,1,0,71,71,0,false,false,false,false,true,false
U7,sunscreen,sunscreen_completeness,336bb533-0fe4-4380-8b9f-ab16fb24b807,2,2,0,64.5,64.5,0,false,false,false,false,true,false
U7,sunscreen,sunscreen_completeness,9983f167-24e7-4223-bd86-446ce6ced31b,3,3,0,54.4,54.4,0,false,false,false,false,true,false
U7,sunscreen,sunscreen_completeness,57e4a5ec-115d-4322-85a1-7976db669700,4,4,0,53.7,53.7,0,false,false,false,false,true,false
U7,sunscreen,sunscreen_completeness,fdf06871-db8e-4e73-a48c-c057c5ce925d,5,5,0,51.4,51.4,0,false,false,false,false,true,false
U7,sunscreen,sunscreen_completeness,25b2763f-529f-4b2e-a436-2e0776279c55,6,6,0,50.2,50.2,0,false,false,false,false,true,false
U7,sunscreen,sunscreen_completeness,0bb742d2-df6b-49a7-8e29-8f76ae62ac0d,7,7,0,45.9,45.9,0,false,false,false,false,true,false
U7,sunscreen,sunscreen_completeness,cbcd06a2-de29-47ca-afd1-ab1d5de93903,8,8,0,38.1,38.1,0,false,false,false,false,false,false
U7,sunscreen,sunscreen_completeness,dc1ef3f3-db1b-4c3f-954a-b18343e3d9f3,9,9,0,18.8,18.8,0,false,false,false,false,true,false
U7,sunscreen,sunscreen_completeness,2d3591f2-2216-4043-8493-a9492806ef8b,10,10,0,13.9,13.9,0,false,false,false,false,true,false
U7,sunscreen,sunscreen_completeness,dd326b18-ea56-45fb-8571-42186b6c9159,11,11,0,3,3,0,false,false,false,false,true,false
U8,cleanser,cleanser_structured_authority,d4f64d02-6d35-435b-8269-b6ed7cd34bad,1,1,0,33.3,33.3,0,false,false,false,false,false,false
U8,cleanser,cleanser_structured_authority,d7bb44e4-d585-41ca-8a74-04781470d1de,2,2,0,33.1,33.1,0,false,false,false,false,false,false
U8,cleanser,cleanser_structured_authority,15420430-2a68-49e2-ab53-716d9c4ff45e,3,3,0,31.1,31.1,0,false,false,false,false,false,false
U8,cleanser,cleanser_structured_authority,0b59cb66-ab03-4a0d-815e-7a94a5c7ae65,4,4,0,29.8,29.8,0,false,false,false,false,false,false
U8,cleanser,cleanser_structured_authority,65a4be83-a9b7-4b1d-bd58-1b6e99cf66fc,5,5,0,27.8,27.8,0,false,false,false,false,false,false
U8,cleanser,cleanser_structured_authority,6d560546-80f1-4ccf-9d2c-34023722d2a7,6,6,0,27.2,27.2,0,false,false,false,false,false,false
U8,cleanser,cleanser_structured_authority,c8f78d00-85b9-4850-b464-e8a0d815b2d8,7,7,0,26.4,26.4,0,false,false,false,false,false,false
U8,cleanser,cleanser_structured_authority,50d8285d-9f90-4437-9427-ecc93e9fa055,8,8,0,23.3,23.3,0,false,false,false,false,false,false
U8,cleanser,cleanser_structured_authority,cd3b66be-cddc-47e1-906f-a871dea84412,9,9,0,23.2,23.2,0,false,false,false,false,false,false
U8,cleanser,cleanser_structured_authority,cb04b777-9a57-4246-9431-3018638354db,10,10,0,22.5,22.5,0,false,false,false,false,false,false
U8,cleanser,cleanser_structured_authority,51d526de-b127-47c4-83f1-64fc1ec4aa10,11,11,0,22,22,0,false,false,false,false,false,false
U8,cleanser,cleanser_structured_authority,0def9373-087e-4998-8ef1-7f4cbdac40e4,12,12,0,21.6,21.6,0,false,false,false,false,false,false
U8,cleanser,cleanser_structured_authority,635aa0fd-aabb-495e-b68f-42b1135df544,13,13,0,19,19,0,false,false,false,false,false,false
U8,cleanser,cleanser_structured_authority,5448b8c3-cf87-4561-a699-3baf3dcb3dab,14,14,0,18.7,18.7,0,false,false,false,false,false,false
U8,cleanser,cleanser_structured_authority,8889342d-d9a2-454b-aa27-60d4934b9978,15,15,0,15.4,15.4,0,false,false,false,false,false,false
U8,cleanser,cleanser_structured_authority,0bced9fe-aa08-4982-bb4a-03fb9ed509c1,16,18,2,4.3,-13.7,-18,false,true,false,false,false,false
U8,cleanser,cleanser_structured_authority,fbe265d2-8457-4c4f-96e2-7a08be0e5073,17,16,-1,2.5,2.5,0,false,false,false,false,false,false
U8,cleanser,cleanser_structured_authority,f2a697ce-43d9-4a9a-b110-1f332bc29b50,18,19,1,1.4,-16.6,-18,false,true,false,false,false,false
U8,cleanser,cleanser_structured_authority,b46ca581-7a4e-4cf1-b599-b9fdc026885d,19,20,1,-1,-19,-18,false,true,false,false,false,false
U8,cleanser,cleanser_structured_authority,d0b4789c-bc0a-46e1-8317-ce498377333e,20,17,-3,-2.3,-2.3,0,false,false,false,false,false,false
U8,cleanser,cleanser_structured_authority,3f83bb85-cc53-4aa0-a0f0-e08535288749,21,21,0,-3.2,-21.2,-18,false,true,false,false,false,false
U8,cleanser,cleanser_structured_authority,2fddc273-d7ee-4034-a399-3bfd2cfcafd4,22,22,0,-5.3,-23.3,-18,false,true,false,false,false,false
U8,cleanser,cleanser_structured_authority,e6c3f88c-6908-401f-83d1-a5164f1dd60a,23,23,0,-5.9,-23.9,-18,false,true,false,false,false,false
U8,cleanser,cleanser_structured_authority,63300ce0-9bb7-4ce5-98d5-5c59ae283cda,24,24,0,-7.5,-25.5,-18,false,true,false,false,false,false
U8,cleanser,cleanser_structured_authority,009e0339-fa00-429e-a1c2-2a23eb4707f8,25,25,0,-9,-27,-18,false,true,false,false,false,false
U8,cleanser,cleanser_structured_authority,9d47de96-3227-494b-a8aa-2a4a3b7959d8,26,26,0,-12.8,-30.8,-18,false,true,false,false,false,false
U8,moisturizer,balm_candidate_a,c67266dd-3706-4929-9196-936d1f61cbc5,1,1,0,37.2,37.2,0,false,false,false,false,false,false
U8,moisturizer,balm_candidate_a,c7839904-2245-4a86-922c-4d59cf8df0b3,2,2,0,36.5,36.5,0,false,false,false,false,false,false
U8,moisturizer,balm_candidate_a,b1f6b527-679f-48f3-9b58-5d28ec095f2f,3,3,0,35.3,35.3,0,false,false,false,false,false,false
U8,moisturizer,balm_candidate_a,173c63a8-a40d-4d1e-acb6-a7944d66ec43,4,4,0,34.6,34.6,0,false,false,false,false,false,false
U8,moisturizer,balm_candidate_a,1eb7b437-b527-44e4-b4c2-5d56dc26d2d3,5,5,0,33.8,33.8,0,false,false,false,false,false,false
U8,moisturizer,balm_candidate_a,bd98f785-15c8-4800-af64-d39c3ad873a0,6,6,0,33.7,33.7,0,false,false,false,false,false,false
U8,moisturizer,balm_candidate_a,3f12f933-9525-4ee1-80c5-257daf40d902,7,7,0,33,33,0,false,false,false,false,false,false
U8,moisturizer,balm_candidate_a,df3ab2f1-a4bf-46f9-aaff-df3665156b37,8,8,0,32.5,32.5,0,false,false,false,false,false,false
U8,moisturizer,balm_candidate_a,97deb2cc-2fae-4dbb-8253-03170e197002,9,9,0,31.8,31.8,0,false,false,false,false,false,false
U8,moisturizer,balm_candidate_a,d2141a9d-3975-4d93-83f7-a4814c9c6a57,10,10,0,31.4,31.4,0,false,false,false,false,false,false
U8,moisturizer,balm_candidate_a,24103bd1-c7ba-4cc9-b9b9-8129c6452232,11,11,0,31.3,31.3,0,false,false,false,false,false,false
U8,moisturizer,balm_candidate_a,65a4c320-4815-4488-b031-b0a06b4702ca,12,12,0,31,31,0,false,false,false,false,false,false
U8,moisturizer,balm_candidate_a,b72b0570-ee3f-4692-b45f-633b46ae3b64,13,,,30.6,30.6,0,true,false,false,false,false,false
U8,moisturizer,balm_candidate_a,deaacf29-585c-4e1b-a7c3-73a243e69c2e,14,13,-1,30.5,30.5,0,false,false,false,false,false,false
U8,moisturizer,balm_candidate_a,d4e752ca-81bb-49bf-b74d-03d388830f47,15,14,-1,30.5,30.5,0,false,false,false,false,false,false
U8,moisturizer,balm_candidate_a,a59880f2-be88-4938-9958-254b87fd37ea,16,15,-1,30.1,30.1,0,false,false,false,false,false,false
U8,moisturizer,balm_candidate_a,7a58897d-bc51-47e8-ba8d-60322b5f8f3d,17,16,-1,30.1,30.1,0,false,false,false,false,false,false
U8,moisturizer,balm_candidate_a,03f5a72b-6c9a-4487-a3a9-39d1e6afa7bb,18,17,-1,29.6,29.6,0,false,false,false,false,false,false
U8,moisturizer,balm_candidate_a,ae72c231-3629-4272-8c16-9ca4372e3985,19,18,-1,29.4,29.4,0,false,false,false,false,false,false
U8,moisturizer,balm_candidate_a,5848640c-84ca-4079-9d9e-8f3113159fe1,20,19,-1,28.9,28.9,0,false,false,false,false,false,false
U8,moisturizer,balm_candidate_a,9a98cc54-6238-4ed6-91d0-200f5203f46c,21,20,-1,28.9,28.9,0,false,false,false,false,false,false
U8,moisturizer,balm_candidate_a,de9fbe7f-e28b-4a8e-bbf6-536d3aa2a2c4,22,21,-1,28.7,28.7,0,false,false,false,false,false,false
U8,moisturizer,balm_candidate_a,15b45c92-8b35-493a-8329-bc6b4ab5a53d,23,22,-1,28.3,28.3,0,false,false,false,false,false,false
U8,moisturizer,balm_candidate_a,615c6866-b1ea-48d3-adbe-fbe1831dc6f1,24,23,-1,28.2,28.2,0,false,false,false,false,false,false
U8,moisturizer,balm_candidate_a,4cbd41f3-1357-42c6-a6c7-6df0e90d54a7,25,24,-1,28.1,28.1,0,false,false,false,false,false,false
U8,moisturizer,balm_candidate_a,ffbaebea-2515-4c5f-8403-cd9a56830ae4,26,25,-1,27.8,27.8,0,false,false,false,false,false,false
U8,moisturizer,balm_candidate_a,e4f25cfc-293d-47f8-8eea-70e4b0ec1c7b,27,26,-1,27.7,27.7,0,false,false,false,false,false,false
U8,moisturizer,balm_candidate_a,1f20944c-5a86-4748-8daf-7d57259ea6c0,28,27,-1,27.6,27.6,0,false,false,false,false,false,false
U8,moisturizer,balm_candidate_a,358bb655-d0e8-4bbf-93c0-58eea5b5d7ae,29,28,-1,27.5,27.5,0,false,false,false,false,false,false
U8,moisturizer,balm_candidate_a,e8d1bb9d-1a8b-430b-a79d-79d16b18ce5e,30,29,-1,27.4,27.4,0,false,false,false,false,false,false
U8,moisturizer,balm_candidate_a,d0319209-502b-4c85-be54-392600ff6b23,31,30,-1,27.1,27.1,0,false,false,false,false,false,false
U8,moisturizer,balm_candidate_a,418e2bc1-7d6c-4334-9058-7af7ce159c6c,32,31,-1,27.1,27.1,0,false,false,false,false,false,false
U8,moisturizer,balm_candidate_a,93d11022-2b8c-4a72-a3a1-9f69655b9e91,33,32,-1,26.5,26.5,0,false,false,false,false,false,false
U8,moisturizer,balm_candidate_a,9e727419-40e6-4c61-b44c-609507b7b822,34,33,-1,25.4,25.4,0,false,false,false,false,false,false
U8,moisturizer,balm_candidate_a,5116d78d-0118-42b1-acc8-1ee384624725,35,34,-1,25.2,25.2,0,false,false,false,false,false,false
U8,moisturizer,balm_candidate_a,06d1ad4b-2291-4b73-8bf4-f1f3c0226fea,36,35,-1,25,25,0,false,false,false,false,false,false
U8,moisturizer,balm_candidate_a,af70acaa-24b0-45eb-b82b-3c3b9f6d589f,37,36,-1,24.9,24.9,0,false,false,false,false,false,false
U8,moisturizer,balm_candidate_a,7a98b5e7-2c1f-441a-afee-dd1c592d95bc,38,37,-1,24.6,24.6,0,false,false,false,false,false,false
U8,moisturizer,balm_candidate_a,b639c8b4-6a61-440e-b4db-fac7381593ff,39,38,-1,21.8,21.8,0,false,false,false,false,false,false
U8,moisturizer,balm_candidate_a,c2bb9ffd-f261-4f9b-91ed-23f6cea9ada1,40,,,21.6,21.6,0,true,false,false,false,false,false
U8,moisturizer,balm_candidate_a,2ab9955d-9e7f-41fc-9751-9e313d50e492,41,39,-2,19.5,19.5,0,false,false,false,false,false,false
U8,moisturizer,balm_candidate_a,fd00be48-42e4-4db5-8838-e0820f147254,42,40,-2,17.7,17.7,0,false,false,false,false,false,false
U8,moisturizer,balm_candidate_a,37f18d02-adfd-4c72-b267-8e8facb1c5d1,43,41,-2,17.7,17.7,0,false,false,false,false,false,false
U8,moisturizer,balm_candidate_a,e15a1f7e-29b3-49fd-aae4-297bf9ada4ed,44,42,-2,17.3,17.3,0,false,false,false,false,false,false
U8,moisturizer,balm_candidate_a,ef252acf-cfe2-4b2b-a223-80064be88e52,45,43,-2,16.6,16.6,0,false,false,false,false,false,false
U8,moisturizer,balm_candidate_a,2d52e270-0429-4c5f-89dd-5c608b92fe8c,46,44,-2,14.6,14.6,0,false,false,false,false,false,false
U8,moisturizer,balm_candidate_a,4aa41038-de5b-4125-97b0-a50e7575cc00,47,45,-2,14.4,14.4,0,false,false,false,false,false,false
U8,moisturizer,balm_candidate_a,cd0022c9-a80e-4f57-876b-79e1cb311a15,48,,,13.6,13.6,0,true,false,false,false,false,false
U8,moisturizer,balm_candidate_a,d5093dae-ce2f-4681-9811-2052e1779ff3,49,46,-3,12.6,12.6,0,false,false,false,false,false,false
U8,moisturizer,balm_candidate_a,976c13ef-8ebd-4b69-acae-0d070f6cd590,50,47,-3,9.4,9.4,0,false,false,false,false,false,false
U8,moisturizer,balm_candidate_a,47a8a197-40d4-41df-b1ed-7f85eb458a3d,51,48,-3,4.7,4.7,0,false,false,false,false,false,false
U8,moisturizer,balm_candidate_a,3fe73499-c2a9-4ee5-b4b5-6a60e07c6686,52,,,4.3,4.3,0,true,false,false,false,false,false
U8,moisturizer,balm_candidate_a,637782f6-709e-45e3-a886-a279c142667d,53,,,3.8,3.8,0,true,false,false,false,false,false
U8,moisturizer,balm_candidate_a,36b7d8f7-eb23-4fdb-a510-99ad4b64eb0e,54,,,3.6,3.6,0,true,false,false,false,false,false
U8,moisturizer,balm_candidate_a,3e8c269e-17d8-47ec-a51d-9eada96461f4,55,,,3.5,3.5,0,true,false,false,false,false,false
U8,moisturizer,balm_candidate_a,49a483f3-9232-4b58-a91b-ddb5ea2f973e,56,,,2.1,2.1,0,true,false,false,false,false,false
U8,moisturizer,balm_candidate_a,8c2c12e7-2fa6-4230-bee6-958a4dc9dc97,57,,,1.5,1.5,0,true,false,false,false,false,false
U8,moisturizer,balm_candidate_a,4c7af697-1413-4b7d-a89e-6edd2bd5f40c,58,,,-1.6,-1.6,0,true,false,false,false,false,false
U8,moisturizer,balm_candidate_a,7b4a237c-7f6e-4f18-a581-9d6fcad8f92e,59,,,-2.4,-2.4,0,true,false,false,false,false,false
U8,moisturizer,balm_candidate_a,f0bea751-1439-4f32-b9e9-1e204c5dd64e,60,,,-4.7,-4.7,0,true,false,false,false,false,false
U8,moisturizer,balm_candidate_a,d35a03e7-4974-4eef-ad9d-c2e909622c6c,61,,,-6.2,-6.2,0,true,false,false,false,false,false
U8,moisturizer,balm_candidate_b,c67266dd-3706-4929-9196-936d1f61cbc5,1,1,0,37.2,37.2,0,false,false,false,false,false,false
U8,moisturizer,balm_candidate_b,c7839904-2245-4a86-922c-4d59cf8df0b3,2,2,0,36.5,36.5,0,false,false,false,false,false,false
U8,moisturizer,balm_candidate_b,b1f6b527-679f-48f3-9b58-5d28ec095f2f,3,3,0,35.3,35.3,0,false,false,false,false,false,false
U8,moisturizer,balm_candidate_b,173c63a8-a40d-4d1e-acb6-a7944d66ec43,4,4,0,34.6,34.6,0,false,false,false,false,false,false
U8,moisturizer,balm_candidate_b,1eb7b437-b527-44e4-b4c2-5d56dc26d2d3,5,5,0,33.8,33.8,0,false,false,false,false,false,false
U8,moisturizer,balm_candidate_b,bd98f785-15c8-4800-af64-d39c3ad873a0,6,6,0,33.7,33.7,0,false,false,false,false,false,false
U8,moisturizer,balm_candidate_b,3f12f933-9525-4ee1-80c5-257daf40d902,7,7,0,33,33,0,false,false,false,false,false,false
U8,moisturizer,balm_candidate_b,df3ab2f1-a4bf-46f9-aaff-df3665156b37,8,8,0,32.5,32.5,0,false,false,false,false,false,false
U8,moisturizer,balm_candidate_b,97deb2cc-2fae-4dbb-8253-03170e197002,9,9,0,31.8,31.8,0,false,false,false,false,false,false
U8,moisturizer,balm_candidate_b,d2141a9d-3975-4d93-83f7-a4814c9c6a57,10,10,0,31.4,31.4,0,false,false,false,false,false,false
U8,moisturizer,balm_candidate_b,24103bd1-c7ba-4cc9-b9b9-8129c6452232,11,11,0,31.3,31.3,0,false,false,false,false,false,false
U8,moisturizer,balm_candidate_b,65a4c320-4815-4488-b031-b0a06b4702ca,12,12,0,31,31,0,false,false,false,false,false,false
U8,moisturizer,balm_candidate_b,b72b0570-ee3f-4692-b45f-633b46ae3b64,13,,,30.6,30.6,0,true,false,false,false,false,false
U8,moisturizer,balm_candidate_b,deaacf29-585c-4e1b-a7c3-73a243e69c2e,14,13,-1,30.5,30.5,0,false,false,false,false,false,false
U8,moisturizer,balm_candidate_b,d4e752ca-81bb-49bf-b74d-03d388830f47,15,14,-1,30.5,30.5,0,false,false,false,false,false,false
U8,moisturizer,balm_candidate_b,a59880f2-be88-4938-9958-254b87fd37ea,16,15,-1,30.1,30.1,0,false,false,false,false,false,false
U8,moisturizer,balm_candidate_b,7a58897d-bc51-47e8-ba8d-60322b5f8f3d,17,16,-1,30.1,30.1,0,false,false,false,false,false,false
U8,moisturizer,balm_candidate_b,03f5a72b-6c9a-4487-a3a9-39d1e6afa7bb,18,17,-1,29.6,29.6,0,false,false,false,false,false,false
U8,moisturizer,balm_candidate_b,ae72c231-3629-4272-8c16-9ca4372e3985,19,18,-1,29.4,29.4,0,false,false,false,false,false,false
U8,moisturizer,balm_candidate_b,5848640c-84ca-4079-9d9e-8f3113159fe1,20,19,-1,28.9,28.9,0,false,false,false,false,false,false
U8,moisturizer,balm_candidate_b,9a98cc54-6238-4ed6-91d0-200f5203f46c,21,20,-1,28.9,28.9,0,false,false,false,false,false,false
U8,moisturizer,balm_candidate_b,de9fbe7f-e28b-4a8e-bbf6-536d3aa2a2c4,22,21,-1,28.7,28.7,0,false,false,false,false,false,false
U8,moisturizer,balm_candidate_b,15b45c92-8b35-493a-8329-bc6b4ab5a53d,23,22,-1,28.3,28.3,0,false,false,false,false,false,false
U8,moisturizer,balm_candidate_b,615c6866-b1ea-48d3-adbe-fbe1831dc6f1,24,23,-1,28.2,28.2,0,false,false,false,false,false,false
U8,moisturizer,balm_candidate_b,4cbd41f3-1357-42c6-a6c7-6df0e90d54a7,25,24,-1,28.1,28.1,0,false,false,false,false,false,false
U8,moisturizer,balm_candidate_b,ffbaebea-2515-4c5f-8403-cd9a56830ae4,26,25,-1,27.8,27.8,0,false,false,false,false,false,false
U8,moisturizer,balm_candidate_b,e4f25cfc-293d-47f8-8eea-70e4b0ec1c7b,27,26,-1,27.7,27.7,0,false,false,false,false,false,false
U8,moisturizer,balm_candidate_b,1f20944c-5a86-4748-8daf-7d57259ea6c0,28,27,-1,27.6,27.6,0,false,false,false,false,false,false
U8,moisturizer,balm_candidate_b,358bb655-d0e8-4bbf-93c0-58eea5b5d7ae,29,28,-1,27.5,27.5,0,false,false,false,false,false,false
U8,moisturizer,balm_candidate_b,e8d1bb9d-1a8b-430b-a79d-79d16b18ce5e,30,29,-1,27.4,27.4,0,false,false,false,false,false,false
U8,moisturizer,balm_candidate_b,d0319209-502b-4c85-be54-392600ff6b23,31,30,-1,27.1,27.1,0,false,false,false,false,false,false
U8,moisturizer,balm_candidate_b,418e2bc1-7d6c-4334-9058-7af7ce159c6c,32,31,-1,27.1,27.1,0,false,false,false,false,false,false
U8,moisturizer,balm_candidate_b,93d11022-2b8c-4a72-a3a1-9f69655b9e91,33,32,-1,26.5,26.5,0,false,false,false,false,false,false
U8,moisturizer,balm_candidate_b,9e727419-40e6-4c61-b44c-609507b7b822,34,33,-1,25.4,25.4,0,false,false,false,false,false,false
U8,moisturizer,balm_candidate_b,5116d78d-0118-42b1-acc8-1ee384624725,35,34,-1,25.2,25.2,0,false,false,false,false,false,false
U8,moisturizer,balm_candidate_b,06d1ad4b-2291-4b73-8bf4-f1f3c0226fea,36,35,-1,25,25,0,false,false,false,false,false,false
U8,moisturizer,balm_candidate_b,af70acaa-24b0-45eb-b82b-3c3b9f6d589f,37,36,-1,24.9,24.9,0,false,false,false,false,false,false
U8,moisturizer,balm_candidate_b,7a98b5e7-2c1f-441a-afee-dd1c592d95bc,38,37,-1,24.6,24.6,0,false,false,false,false,false,false
U8,moisturizer,balm_candidate_b,b639c8b4-6a61-440e-b4db-fac7381593ff,39,38,-1,21.8,21.8,0,false,false,false,false,false,false
U8,moisturizer,balm_candidate_b,c2bb9ffd-f261-4f9b-91ed-23f6cea9ada1,40,,,21.6,21.6,0,true,false,false,false,false,false
U8,moisturizer,balm_candidate_b,2ab9955d-9e7f-41fc-9751-9e313d50e492,41,39,-2,19.5,19.5,0,false,false,false,false,false,false
U8,moisturizer,balm_candidate_b,fd00be48-42e4-4db5-8838-e0820f147254,42,40,-2,17.7,17.7,0,false,false,false,false,false,false
U8,moisturizer,balm_candidate_b,37f18d02-adfd-4c72-b267-8e8facb1c5d1,43,41,-2,17.7,17.7,0,false,false,false,false,false,false
U8,moisturizer,balm_candidate_b,e15a1f7e-29b3-49fd-aae4-297bf9ada4ed,44,42,-2,17.3,17.3,0,false,false,false,false,false,false
U8,moisturizer,balm_candidate_b,ef252acf-cfe2-4b2b-a223-80064be88e52,45,43,-2,16.6,16.6,0,false,false,false,false,false,false
U8,moisturizer,balm_candidate_b,2d52e270-0429-4c5f-89dd-5c608b92fe8c,46,44,-2,14.6,14.6,0,false,false,false,false,false,false
U8,moisturizer,balm_candidate_b,4aa41038-de5b-4125-97b0-a50e7575cc00,47,45,-2,14.4,14.4,0,false,false,false,false,false,false
U8,moisturizer,balm_candidate_b,cd0022c9-a80e-4f57-876b-79e1cb311a15,48,46,-2,13.6,13.6,0,false,false,false,false,false,false
U8,moisturizer,balm_candidate_b,d5093dae-ce2f-4681-9811-2052e1779ff3,49,47,-2,12.6,12.6,0,false,false,false,false,false,false
U8,moisturizer,balm_candidate_b,976c13ef-8ebd-4b69-acae-0d070f6cd590,50,48,-2,9.4,9.4,0,false,false,false,false,false,false
U8,moisturizer,balm_candidate_b,47a8a197-40d4-41df-b1ed-7f85eb458a3d,51,49,-2,4.7,4.7,0,false,false,false,false,false,false
U8,moisturizer,balm_candidate_b,3fe73499-c2a9-4ee5-b4b5-6a60e07c6686,52,50,-2,4.3,4.3,0,false,false,false,false,false,false
U8,moisturizer,balm_candidate_b,637782f6-709e-45e3-a886-a279c142667d,53,,,3.8,3.8,0,true,false,false,false,false,false
U8,moisturizer,balm_candidate_b,36b7d8f7-eb23-4fdb-a510-99ad4b64eb0e,54,,,3.6,3.6,0,true,false,false,false,false,false
U8,moisturizer,balm_candidate_b,3e8c269e-17d8-47ec-a51d-9eada96461f4,55,51,-4,3.5,3.5,0,false,false,false,false,false,false
U8,moisturizer,balm_candidate_b,49a483f3-9232-4b58-a91b-ddb5ea2f973e,56,,,2.1,2.1,0,true,false,false,false,false,false
U8,moisturizer,balm_candidate_b,8c2c12e7-2fa6-4230-bee6-958a4dc9dc97,57,52,-5,1.5,1.5,0,false,false,false,false,false,false
U8,moisturizer,balm_candidate_b,4c7af697-1413-4b7d-a89e-6edd2bd5f40c,58,,,-1.6,-1.6,0,true,false,false,false,false,false
U8,moisturizer,balm_candidate_b,7b4a237c-7f6e-4f18-a581-9d6fcad8f92e,59,,,-2.4,-2.4,0,true,false,false,false,false,false
U8,moisturizer,balm_candidate_b,f0bea751-1439-4f32-b9e9-1e204c5dd64e,60,53,-7,-4.7,-4.7,0,false,false,false,false,false,false
U8,moisturizer,balm_candidate_b,d35a03e7-4974-4eef-ad9d-c2e909622c6c,61,54,-7,-6.2,-6.2,0,false,false,false,false,false,false
U8,sunscreen,sunscreen_completeness,9983f167-24e7-4223-bd86-446ce6ced31b,1,1,0,124.6,124.6,0,false,false,false,false,true,false
U8,sunscreen,sunscreen_completeness,0bb742d2-df6b-49a7-8e29-8f76ae62ac0d,2,2,0,115.2,115.2,0,false,false,false,false,true,false
U8,sunscreen,sunscreen_completeness,fdf06871-db8e-4e73-a48c-c057c5ce925d,3,3,0,107.6,107.6,0,false,false,false,false,true,false
U8,sunscreen,sunscreen_completeness,25b2763f-529f-4b2e-a436-2e0776279c55,4,4,0,105.4,105.4,0,false,false,false,false,true,false
U8,sunscreen,sunscreen_completeness,765b3ca1-6927-49b0-bee6-4138d03dd915,5,5,0,103.8,103.8,0,false,false,false,false,true,false
U8,sunscreen,sunscreen_completeness,dc1ef3f3-db1b-4c3f-954a-b18343e3d9f3,6,6,0,101.9,101.9,0,false,false,false,false,true,false
U8,sunscreen,sunscreen_completeness,336bb533-0fe4-4380-8b9f-ab16fb24b807,7,7,0,97.9,97.9,0,false,false,false,false,true,false
U8,sunscreen,sunscreen_completeness,2d3591f2-2216-4043-8493-a9492806ef8b,8,8,0,69,69,0,false,false,false,false,true,false
U8,sunscreen,sunscreen_completeness,dd326b18-ea56-45fb-8571-42186b6c9159,9,9,0,68,68,0,false,false,false,false,true,false
U8,sunscreen,sunscreen_completeness,57e4a5ec-115d-4322-85a1-7976db669700,10,10,0,67,67,0,false,false,false,false,true,false
U8,sunscreen,sunscreen_completeness,cbcd06a2-de29-47ca-afd1-ab1d5de93903,11,11,0,61.1,61.1,0,false,false,false,false,false,false
U9,cleanser,cleanser_structured_authority,0b59cb66-ab03-4a0d-815e-7a94a5c7ae65,1,1,0,61.7,61.7,0,false,false,false,false,false,false
U9,cleanser,cleanser_structured_authority,d4f64d02-6d35-435b-8269-b6ed7cd34bad,2,2,0,61.3,61.3,0,false,false,false,false,false,false
U9,cleanser,cleanser_structured_authority,15420430-2a68-49e2-ab53-716d9c4ff45e,3,3,0,60.5,60.5,0,false,false,false,false,false,false
U9,cleanser,cleanser_structured_authority,65a4be83-a9b7-4b1d-bd58-1b6e99cf66fc,4,4,0,59.8,59.8,0,false,false,false,false,false,false
U9,cleanser,cleanser_structured_authority,51d526de-b127-47c4-83f1-64fc1ec4aa10,5,5,0,55.4,55.4,0,false,false,false,false,false,false
U9,cleanser,cleanser_structured_authority,c8f78d00-85b9-4850-b464-e8a0d815b2d8,6,6,0,52.7,52.7,0,false,false,false,false,false,false
U9,cleanser,cleanser_structured_authority,d7bb44e4-d585-41ca-8a74-04781470d1de,7,7,0,50.8,50.8,0,false,false,false,false,false,false
U9,cleanser,cleanser_structured_authority,50d8285d-9f90-4437-9427-ecc93e9fa055,8,8,0,50,50,0,false,false,false,false,false,false
U9,cleanser,cleanser_structured_authority,635aa0fd-aabb-495e-b68f-42b1135df544,9,9,0,46.7,46.7,0,false,false,false,false,false,false
U9,cleanser,cleanser_structured_authority,6d560546-80f1-4ccf-9d2c-34023722d2a7,10,10,0,41.5,41.5,0,false,false,false,false,false,false
U9,cleanser,cleanser_structured_authority,cb04b777-9a57-4246-9431-3018638354db,11,11,0,39.7,39.7,0,false,false,false,false,false,false
U9,cleanser,cleanser_structured_authority,0def9373-087e-4998-8ef1-7f4cbdac40e4,12,12,0,29.4,29.4,0,false,false,false,false,false,false
U9,cleanser,cleanser_structured_authority,5448b8c3-cf87-4561-a699-3baf3dcb3dab,13,13,0,28.9,28.9,0,false,false,false,false,false,false
U9,cleanser,cleanser_structured_authority,cd3b66be-cddc-47e1-906f-a871dea84412,14,14,0,28.6,28.6,0,false,false,false,false,false,false
U9,cleanser,cleanser_structured_authority,8889342d-d9a2-454b-aa27-60d4934b9978,15,15,0,25.2,25.2,0,false,false,false,false,false,false
U9,cleanser,cleanser_structured_authority,0bced9fe-aa08-4982-bb4a-03fb9ed509c1,16,18,2,13.5,-4.5,-18,false,true,false,false,false,false
U9,cleanser,cleanser_structured_authority,fbe265d2-8457-4c4f-96e2-7a08be0e5073,17,16,-1,10.8,10.8,0,false,false,false,false,false,false
U9,cleanser,cleanser_structured_authority,f2a697ce-43d9-4a9a-b110-1f332bc29b50,18,19,1,4.1,-13.9,-18,false,true,false,false,false,false
U9,cleanser,cleanser_structured_authority,d0b4789c-bc0a-46e1-8317-ce498377333e,19,17,-2,2.5,2.5,0,false,false,false,false,false,false
U9,cleanser,cleanser_structured_authority,b46ca581-7a4e-4cf1-b599-b9fdc026885d,20,20,0,1,-17,-18,false,true,false,false,false,false
U9,cleanser,cleanser_structured_authority,e6c3f88c-6908-401f-83d1-a5164f1dd60a,21,21,0,-1.6,-19.6,-18,false,true,false,false,false,false
U9,cleanser,cleanser_structured_authority,3f83bb85-cc53-4aa0-a0f0-e08535288749,22,22,0,-1.9,-19.9,-18,false,true,false,false,false,false
U9,cleanser,cleanser_structured_authority,2fddc273-d7ee-4034-a399-3bfd2cfcafd4,23,23,0,-3,-21,-18,false,true,false,false,false,false
U9,cleanser,cleanser_structured_authority,63300ce0-9bb7-4ce5-98d5-5c59ae283cda,24,24,0,-5,-23,-18,false,true,false,false,false,false
U9,cleanser,cleanser_structured_authority,009e0339-fa00-429e-a1c2-2a23eb4707f8,25,25,0,-5.1,-23.1,-18,false,true,false,false,false,false
U9,cleanser,cleanser_structured_authority,9d47de96-3227-494b-a8aa-2a4a3b7959d8,26,26,0,-6.6,-24.6,-18,false,true,false,false,false,false
U9,moisturizer,balm_candidate_a,c67266dd-3706-4929-9196-936d1f61cbc5,1,1,0,76.3,76.3,0,false,false,false,false,false,false
U9,moisturizer,balm_candidate_a,ffbaebea-2515-4c5f-8403-cd9a56830ae4,2,2,0,75.9,75.9,0,false,false,false,false,false,false
U9,moisturizer,balm_candidate_a,bd98f785-15c8-4800-af64-d39c3ad873a0,3,3,0,74.9,74.9,0,false,false,false,false,false,false
U9,moisturizer,balm_candidate_a,358bb655-d0e8-4bbf-93c0-58eea5b5d7ae,4,4,0,74.3,74.3,0,false,false,false,false,false,false
U9,moisturizer,balm_candidate_a,97deb2cc-2fae-4dbb-8253-03170e197002,5,5,0,74.2,74.2,0,false,false,false,false,false,false
U9,moisturizer,balm_candidate_a,ae72c231-3629-4272-8c16-9ca4372e3985,6,6,0,73.9,73.9,0,false,false,false,false,false,false
U9,moisturizer,balm_candidate_a,b1f6b527-679f-48f3-9b58-5d28ec095f2f,7,7,0,73.3,73.3,0,false,false,false,false,false,false
U9,moisturizer,balm_candidate_a,418e2bc1-7d6c-4334-9058-7af7ce159c6c,8,8,0,73.2,73.2,0,false,false,false,false,false,false
U9,moisturizer,balm_candidate_a,24103bd1-c7ba-4cc9-b9b9-8129c6452232,9,9,0,72.6,72.6,0,false,false,false,false,false,false
U9,moisturizer,balm_candidate_a,93d11022-2b8c-4a72-a3a1-9f69655b9e91,10,10,0,72.4,72.4,0,false,false,false,false,false,false
U9,moisturizer,balm_candidate_a,06d1ad4b-2291-4b73-8bf4-f1f3c0226fea,11,11,0,72.2,72.2,0,false,false,false,false,false,false
U9,moisturizer,balm_candidate_a,de9fbe7f-e28b-4a8e-bbf6-536d3aa2a2c4,12,12,0,72.1,72.1,0,false,false,false,false,false,false
U9,moisturizer,balm_candidate_a,9a98cc54-6238-4ed6-91d0-200f5203f46c,13,13,0,71.6,71.6,0,false,false,false,false,false,false
U9,moisturizer,balm_candidate_a,615c6866-b1ea-48d3-adbe-fbe1831dc6f1,14,14,0,71.1,71.1,0,false,false,false,false,false,false
U9,moisturizer,balm_candidate_a,5848640c-84ca-4079-9d9e-8f3113159fe1,15,15,0,70.9,70.9,0,false,false,false,false,false,false
U9,moisturizer,balm_candidate_a,7a58897d-bc51-47e8-ba8d-60322b5f8f3d,16,16,0,70.9,70.9,0,false,false,false,false,false,false
U9,moisturizer,balm_candidate_a,7a98b5e7-2c1f-441a-afee-dd1c592d95bc,17,17,0,70.1,70.1,0,false,false,false,false,false,false
U9,moisturizer,balm_candidate_a,d4e752ca-81bb-49bf-b74d-03d388830f47,18,18,0,70,70,0,false,false,false,false,false,false
U9,moisturizer,balm_candidate_a,15b45c92-8b35-493a-8329-bc6b4ab5a53d,19,19,0,69.8,69.8,0,false,false,false,false,false,false
U9,moisturizer,balm_candidate_a,65a4c320-4815-4488-b031-b0a06b4702ca,20,20,0,69.7,69.7,0,false,false,false,false,false,false
U9,moisturizer,balm_candidate_a,d0319209-502b-4c85-be54-392600ff6b23,21,21,0,68,68,0,false,false,false,false,false,false
U9,moisturizer,balm_candidate_a,a59880f2-be88-4938-9958-254b87fd37ea,22,22,0,67,67,0,false,false,false,false,false,false
U9,moisturizer,balm_candidate_a,3f12f933-9525-4ee1-80c5-257daf40d902,23,23,0,66.3,66.3,0,false,false,false,false,false,false
U9,moisturizer,balm_candidate_a,e4f25cfc-293d-47f8-8eea-70e4b0ec1c7b,24,24,0,66.1,66.1,0,false,false,false,false,false,false
U9,moisturizer,balm_candidate_a,b72b0570-ee3f-4692-b45f-633b46ae3b64,25,,,66,66,0,true,false,false,false,false,false
U9,moisturizer,balm_candidate_a,c2bb9ffd-f261-4f9b-91ed-23f6cea9ada1,26,,,64.5,64.5,0,true,false,false,false,false,false
U9,moisturizer,balm_candidate_a,5116d78d-0118-42b1-acc8-1ee384624725,27,25,-2,62.5,62.5,0,false,false,false,false,false,false
U9,moisturizer,balm_candidate_a,37f18d02-adfd-4c72-b267-8e8facb1c5d1,28,26,-2,62.2,62.2,0,false,false,false,false,false,false
U9,moisturizer,balm_candidate_a,d2141a9d-3975-4d93-83f7-a4814c9c6a57,29,27,-2,61.7,61.7,0,false,false,false,false,false,false
U9,moisturizer,balm_candidate_a,173c63a8-a40d-4d1e-acb6-a7944d66ec43,30,28,-2,60.8,60.8,0,false,false,false,false,false,false
U9,moisturizer,balm_candidate_a,4aa41038-de5b-4125-97b0-a50e7575cc00,31,29,-2,60.4,60.4,0,false,false,false,false,false,false
U9,moisturizer,balm_candidate_a,df3ab2f1-a4bf-46f9-aaff-df3665156b37,32,30,-2,60.1,60.1,0,false,false,false,false,false,false
U9,moisturizer,balm_candidate_a,1eb7b437-b527-44e4-b4c2-5d56dc26d2d3,33,31,-2,59.9,59.9,0,false,false,false,false,false,false
U9,moisturizer,balm_candidate_a,fd00be48-42e4-4db5-8838-e0820f147254,34,32,-2,59.8,59.8,0,false,false,false,false,false,false
U9,moisturizer,balm_candidate_a,e15a1f7e-29b3-49fd-aae4-297bf9ada4ed,35,33,-2,59.2,59.2,0,false,false,false,false,false,false
U9,moisturizer,balm_candidate_a,c7839904-2245-4a86-922c-4d59cf8df0b3,36,34,-2,59.2,59.2,0,false,false,false,false,false,false
U9,moisturizer,balm_candidate_a,2d52e270-0429-4c5f-89dd-5c608b92fe8c,37,35,-2,59.1,59.1,0,false,false,false,false,false,false
U9,moisturizer,balm_candidate_a,ef252acf-cfe2-4b2b-a223-80064be88e52,38,36,-2,58.1,58.1,0,false,false,false,false,false,false
U9,moisturizer,balm_candidate_a,b639c8b4-6a61-440e-b4db-fac7381593ff,39,37,-2,57.8,57.8,0,false,false,false,false,false,false
U9,moisturizer,balm_candidate_a,deaacf29-585c-4e1b-a7c3-73a243e69c2e,40,38,-2,57.6,57.6,0,false,false,false,false,false,false
U9,moisturizer,balm_candidate_a,03f5a72b-6c9a-4487-a3a9-39d1e6afa7bb,41,39,-2,57.3,57.3,0,false,false,false,false,false,false
U9,moisturizer,balm_candidate_a,4cbd41f3-1357-42c6-a6c7-6df0e90d54a7,42,40,-2,56.7,56.7,0,false,false,false,false,false,false
U9,moisturizer,balm_candidate_a,e8d1bb9d-1a8b-430b-a79d-79d16b18ce5e,43,41,-2,56.5,56.5,0,false,false,false,false,false,false
U9,moisturizer,balm_candidate_a,d5093dae-ce2f-4681-9811-2052e1779ff3,44,42,-2,56.5,56.5,0,false,false,false,false,false,false
U9,moisturizer,balm_candidate_a,cd0022c9-a80e-4f57-876b-79e1cb311a15,45,,,56.5,56.5,0,true,false,false,false,false,false
U9,moisturizer,balm_candidate_a,2ab9955d-9e7f-41fc-9751-9e313d50e492,46,43,-3,55,55,0,false,false,false,false,false,false
U9,moisturizer,balm_candidate_a,af70acaa-24b0-45eb-b82b-3c3b9f6d589f,47,44,-3,54.5,54.5,0,false,false,false,false,false,false
U9,moisturizer,balm_candidate_a,1f20944c-5a86-4748-8daf-7d57259ea6c0,48,45,-3,54.1,54.1,0,false,false,false,false,false,false
U9,moisturizer,balm_candidate_a,9e727419-40e6-4c61-b44c-609507b7b822,49,46,-3,51.7,51.7,0,false,false,false,false,false,false
U9,moisturizer,balm_candidate_a,8c2c12e7-2fa6-4230-bee6-958a4dc9dc97,50,,,45.3,45.3,0,true,false,false,false,false,false
U9,moisturizer,balm_candidate_a,637782f6-709e-45e3-a886-a279c142667d,51,,,43.7,43.7,0,true,false,false,false,false,false
U9,moisturizer,balm_candidate_a,36b7d8f7-eb23-4fdb-a510-99ad4b64eb0e,52,,,43.7,43.7,0,true,false,false,false,false,false
U9,moisturizer,balm_candidate_a,976c13ef-8ebd-4b69-acae-0d070f6cd590,53,47,-6,43.4,43.4,0,false,false,false,false,false,false
U9,moisturizer,balm_candidate_a,3e8c269e-17d8-47ec-a51d-9eada96461f4,54,,,42.4,42.4,0,true,false,false,false,false,false
U9,moisturizer,balm_candidate_a,49a483f3-9232-4b58-a91b-ddb5ea2f973e,55,,,41.3,41.3,0,true,false,false,false,false,false
U9,moisturizer,balm_candidate_a,f0bea751-1439-4f32-b9e9-1e204c5dd64e,56,,,39.5,39.5,0,true,false,false,false,false,false
U9,moisturizer,balm_candidate_a,d35a03e7-4974-4eef-ad9d-c2e909622c6c,57,,,37.4,37.4,0,true,false,false,false,false,false
U9,moisturizer,balm_candidate_a,3fe73499-c2a9-4ee5-b4b5-6a60e07c6686,58,,,37.2,37.2,0,true,false,false,false,false,false
U9,moisturizer,balm_candidate_a,4c7af697-1413-4b7d-a89e-6edd2bd5f40c,59,,,30.4,30.4,0,true,false,false,false,false,false
U9,moisturizer,balm_candidate_a,47a8a197-40d4-41df-b1ed-7f85eb458a3d,60,48,-12,23.6,23.6,0,false,false,false,false,false,false
U9,moisturizer,balm_candidate_a,7b4a237c-7f6e-4f18-a581-9d6fcad8f92e,61,,,18.7,18.7,0,true,false,false,false,false,false
U9,moisturizer,balm_candidate_b,c67266dd-3706-4929-9196-936d1f61cbc5,1,1,0,76.3,76.3,0,false,false,false,false,false,false
U9,moisturizer,balm_candidate_b,ffbaebea-2515-4c5f-8403-cd9a56830ae4,2,2,0,75.9,75.9,0,false,false,false,false,false,false
U9,moisturizer,balm_candidate_b,bd98f785-15c8-4800-af64-d39c3ad873a0,3,3,0,74.9,74.9,0,false,false,false,false,false,false
U9,moisturizer,balm_candidate_b,358bb655-d0e8-4bbf-93c0-58eea5b5d7ae,4,4,0,74.3,74.3,0,false,false,false,false,false,false
U9,moisturizer,balm_candidate_b,97deb2cc-2fae-4dbb-8253-03170e197002,5,5,0,74.2,74.2,0,false,false,false,false,false,false
U9,moisturizer,balm_candidate_b,ae72c231-3629-4272-8c16-9ca4372e3985,6,6,0,73.9,73.9,0,false,false,false,false,false,false
U9,moisturizer,balm_candidate_b,b1f6b527-679f-48f3-9b58-5d28ec095f2f,7,7,0,73.3,73.3,0,false,false,false,false,false,false
U9,moisturizer,balm_candidate_b,418e2bc1-7d6c-4334-9058-7af7ce159c6c,8,8,0,73.2,73.2,0,false,false,false,false,false,false
U9,moisturizer,balm_candidate_b,24103bd1-c7ba-4cc9-b9b9-8129c6452232,9,9,0,72.6,72.6,0,false,false,false,false,false,false
U9,moisturizer,balm_candidate_b,93d11022-2b8c-4a72-a3a1-9f69655b9e91,10,10,0,72.4,72.4,0,false,false,false,false,false,false
U9,moisturizer,balm_candidate_b,06d1ad4b-2291-4b73-8bf4-f1f3c0226fea,11,11,0,72.2,72.2,0,false,false,false,false,false,false
U9,moisturizer,balm_candidate_b,de9fbe7f-e28b-4a8e-bbf6-536d3aa2a2c4,12,12,0,72.1,72.1,0,false,false,false,false,false,false
U9,moisturizer,balm_candidate_b,9a98cc54-6238-4ed6-91d0-200f5203f46c,13,13,0,71.6,71.6,0,false,false,false,false,false,false
U9,moisturizer,balm_candidate_b,615c6866-b1ea-48d3-adbe-fbe1831dc6f1,14,14,0,71.1,71.1,0,false,false,false,false,false,false
U9,moisturizer,balm_candidate_b,5848640c-84ca-4079-9d9e-8f3113159fe1,15,15,0,70.9,70.9,0,false,false,false,false,false,false
U9,moisturizer,balm_candidate_b,7a58897d-bc51-47e8-ba8d-60322b5f8f3d,16,16,0,70.9,70.9,0,false,false,false,false,false,false
U9,moisturizer,balm_candidate_b,7a98b5e7-2c1f-441a-afee-dd1c592d95bc,17,17,0,70.1,70.1,0,false,false,false,false,false,false
U9,moisturizer,balm_candidate_b,d4e752ca-81bb-49bf-b74d-03d388830f47,18,18,0,70,70,0,false,false,false,false,false,false
U9,moisturizer,balm_candidate_b,15b45c92-8b35-493a-8329-bc6b4ab5a53d,19,19,0,69.8,69.8,0,false,false,false,false,false,false
U9,moisturizer,balm_candidate_b,65a4c320-4815-4488-b031-b0a06b4702ca,20,20,0,69.7,69.7,0,false,false,false,false,false,false
U9,moisturizer,balm_candidate_b,d0319209-502b-4c85-be54-392600ff6b23,21,21,0,68,68,0,false,false,false,false,false,false
U9,moisturizer,balm_candidate_b,a59880f2-be88-4938-9958-254b87fd37ea,22,22,0,67,67,0,false,false,false,false,false,false
U9,moisturizer,balm_candidate_b,3f12f933-9525-4ee1-80c5-257daf40d902,23,23,0,66.3,66.3,0,false,false,false,false,false,false
U9,moisturizer,balm_candidate_b,e4f25cfc-293d-47f8-8eea-70e4b0ec1c7b,24,24,0,66.1,66.1,0,false,false,false,false,false,false
U9,moisturizer,balm_candidate_b,b72b0570-ee3f-4692-b45f-633b46ae3b64,25,,,66,66,0,true,false,false,false,false,false
U9,moisturizer,balm_candidate_b,c2bb9ffd-f261-4f9b-91ed-23f6cea9ada1,26,,,64.5,64.5,0,true,false,false,false,false,false
U9,moisturizer,balm_candidate_b,5116d78d-0118-42b1-acc8-1ee384624725,27,25,-2,62.5,62.5,0,false,false,false,false,false,false
U9,moisturizer,balm_candidate_b,37f18d02-adfd-4c72-b267-8e8facb1c5d1,28,26,-2,62.2,62.2,0,false,false,false,false,false,false
U9,moisturizer,balm_candidate_b,d2141a9d-3975-4d93-83f7-a4814c9c6a57,29,27,-2,61.7,61.7,0,false,false,false,false,false,false
U9,moisturizer,balm_candidate_b,173c63a8-a40d-4d1e-acb6-a7944d66ec43,30,28,-2,60.8,60.8,0,false,false,false,false,false,false
U9,moisturizer,balm_candidate_b,4aa41038-de5b-4125-97b0-a50e7575cc00,31,29,-2,60.4,60.4,0,false,false,false,false,false,false
U9,moisturizer,balm_candidate_b,df3ab2f1-a4bf-46f9-aaff-df3665156b37,32,30,-2,60.1,60.1,0,false,false,false,false,false,false
U9,moisturizer,balm_candidate_b,1eb7b437-b527-44e4-b4c2-5d56dc26d2d3,33,31,-2,59.9,59.9,0,false,false,false,false,false,false
U9,moisturizer,balm_candidate_b,fd00be48-42e4-4db5-8838-e0820f147254,34,32,-2,59.8,59.8,0,false,false,false,false,false,false
U9,moisturizer,balm_candidate_b,e15a1f7e-29b3-49fd-aae4-297bf9ada4ed,35,33,-2,59.2,59.2,0,false,false,false,false,false,false
U9,moisturizer,balm_candidate_b,c7839904-2245-4a86-922c-4d59cf8df0b3,36,34,-2,59.2,59.2,0,false,false,false,false,false,false
U9,moisturizer,balm_candidate_b,2d52e270-0429-4c5f-89dd-5c608b92fe8c,37,35,-2,59.1,59.1,0,false,false,false,false,false,false
U9,moisturizer,balm_candidate_b,ef252acf-cfe2-4b2b-a223-80064be88e52,38,36,-2,58.1,58.1,0,false,false,false,false,false,false
U9,moisturizer,balm_candidate_b,b639c8b4-6a61-440e-b4db-fac7381593ff,39,37,-2,57.8,57.8,0,false,false,false,false,false,false
U9,moisturizer,balm_candidate_b,deaacf29-585c-4e1b-a7c3-73a243e69c2e,40,38,-2,57.6,57.6,0,false,false,false,false,false,false
U9,moisturizer,balm_candidate_b,03f5a72b-6c9a-4487-a3a9-39d1e6afa7bb,41,39,-2,57.3,57.3,0,false,false,false,false,false,false
U9,moisturizer,balm_candidate_b,4cbd41f3-1357-42c6-a6c7-6df0e90d54a7,42,40,-2,56.7,56.7,0,false,false,false,false,false,false
U9,moisturizer,balm_candidate_b,e8d1bb9d-1a8b-430b-a79d-79d16b18ce5e,43,41,-2,56.5,56.5,0,false,false,false,false,false,false
U9,moisturizer,balm_candidate_b,d5093dae-ce2f-4681-9811-2052e1779ff3,44,42,-2,56.5,56.5,0,false,false,false,false,false,false
U9,moisturizer,balm_candidate_b,cd0022c9-a80e-4f57-876b-79e1cb311a15,45,43,-2,56.5,56.5,0,false,false,false,false,false,false
U9,moisturizer,balm_candidate_b,2ab9955d-9e7f-41fc-9751-9e313d50e492,46,44,-2,55,55,0,false,false,false,false,false,false
U9,moisturizer,balm_candidate_b,af70acaa-24b0-45eb-b82b-3c3b9f6d589f,47,45,-2,54.5,54.5,0,false,false,false,false,false,false
U9,moisturizer,balm_candidate_b,1f20944c-5a86-4748-8daf-7d57259ea6c0,48,46,-2,54.1,54.1,0,false,false,false,false,false,false
U9,moisturizer,balm_candidate_b,9e727419-40e6-4c61-b44c-609507b7b822,49,47,-2,51.7,51.7,0,false,false,false,false,false,false
U9,moisturizer,balm_candidate_b,8c2c12e7-2fa6-4230-bee6-958a4dc9dc97,50,48,-2,45.3,45.3,0,false,false,false,false,false,false
U9,moisturizer,balm_candidate_b,637782f6-709e-45e3-a886-a279c142667d,51,,,43.7,43.7,0,true,false,false,false,false,false
U9,moisturizer,balm_candidate_b,36b7d8f7-eb23-4fdb-a510-99ad4b64eb0e,52,,,43.7,43.7,0,true,false,false,false,false,false
U9,moisturizer,balm_candidate_b,976c13ef-8ebd-4b69-acae-0d070f6cd590,53,49,-4,43.4,43.4,0,false,false,false,false,false,false
U9,moisturizer,balm_candidate_b,3e8c269e-17d8-47ec-a51d-9eada96461f4,54,50,-4,42.4,42.4,0,false,false,false,false,false,false
U9,moisturizer,balm_candidate_b,49a483f3-9232-4b58-a91b-ddb5ea2f973e,55,,,41.3,41.3,0,true,false,false,false,false,false
U9,moisturizer,balm_candidate_b,f0bea751-1439-4f32-b9e9-1e204c5dd64e,56,51,-5,39.5,39.5,0,false,false,false,false,false,false
U9,moisturizer,balm_candidate_b,d35a03e7-4974-4eef-ad9d-c2e909622c6c,57,52,-5,37.4,37.4,0,false,false,false,false,false,false
U9,moisturizer,balm_candidate_b,3fe73499-c2a9-4ee5-b4b5-6a60e07c6686,58,53,-5,37.2,37.2,0,false,false,false,false,false,false
U9,moisturizer,balm_candidate_b,4c7af697-1413-4b7d-a89e-6edd2bd5f40c,59,,,30.4,30.4,0,true,false,false,false,false,false
U9,moisturizer,balm_candidate_b,47a8a197-40d4-41df-b1ed-7f85eb458a3d,60,54,-6,23.6,23.6,0,false,false,false,false,false,false
U9,moisturizer,balm_candidate_b,7b4a237c-7f6e-4f18-a581-9d6fcad8f92e,61,,,18.7,18.7,0,true,false,false,false,false,false
U9,sunscreen,sunscreen_completeness,fdf06871-db8e-4e73-a48c-c057c5ce925d,1,1,0,74.2,74.2,0,false,false,false,false,true,false
U9,sunscreen,sunscreen_completeness,25b2763f-529f-4b2e-a436-2e0776279c55,2,2,0,73.3,73.3,0,false,false,false,false,true,false
U9,sunscreen,sunscreen_completeness,dd326b18-ea56-45fb-8571-42186b6c9159,3,3,0,59.4,59.4,0,false,false,false,false,true,false
U9,sunscreen,sunscreen_completeness,0bb742d2-df6b-49a7-8e29-8f76ae62ac0d,4,4,0,55.3,55.3,0,false,false,false,false,true,false
U9,sunscreen,sunscreen_completeness,2d3591f2-2216-4043-8493-a9492806ef8b,5,5,0,47.3,47.3,0,false,false,false,false,true,false
U9,sunscreen,sunscreen_completeness,336bb533-0fe4-4380-8b9f-ab16fb24b807,6,6,0,43.2,43.2,0,false,false,false,false,true,false
U9,sunscreen,sunscreen_completeness,dc1ef3f3-db1b-4c3f-954a-b18343e3d9f3,7,7,0,39.9,39.9,0,false,false,false,false,true,false
U9,sunscreen,sunscreen_completeness,9983f167-24e7-4223-bd86-446ce6ced31b,8,8,0,36.2,36.2,0,false,false,false,false,true,false
U9,sunscreen,sunscreen_completeness,57e4a5ec-115d-4322-85a1-7976db669700,9,9,0,19.1,19.1,0,false,false,false,false,true,false
U9,sunscreen,sunscreen_completeness,765b3ca1-6927-49b0-bee6-4138d03dd915,10,10,0,18.9,18.9,0,false,false,false,false,true,false
U9,sunscreen,sunscreen_completeness,cbcd06a2-de29-47ca-afd1-ab1d5de93903,11,11,0,-6.5,-6.5,0,false,false,false,false,false,false
